Workbook

Sheet lot Single yield
A1: Date | B1: Device | C1: Lot | D1: Team | E1: Qty | F1: Die | G1: Single yield | H1: Single yield | I1: All Defect | J1: F02 | K1: F03 | L1: F04 | M1: F05 | N1: F07 | O1: F08 | P1: F12 | Q1: F13 | R1: F15 | S1: F16 | T1: F17 | U1: F18 | V1: F20 | W1: F21 | X1: F22 | Y1: F23 | Z1: F27 | AA1: F30 | AB1: F61 | AC1: F68 | AD1: F69 | AE1: F70 | AF1: F71 | AG1: F72 | AH1: F74 | AI1: F77 | AJ1: F94 | AK1: Map Date | AL1: 備註
A2: 46181 | B2: Weisshorn | C2: 04BW1M | D2: 6446 | E2: 13 | F2: =E2*21 -> 273 | G2: 0.978 | H2: =1-I2/F2 -> 0.97802198 | I2: =SUM(J2:AJ2) -> 6 | J2: 0 | K2: 0 | L2: 0 | M2: 0 | N2: 0 | O2: 0 | P2: 0 | Q2: 0 | R2: 0 | S2: 0 | T2: 0 | U2: 0 | V2: 0 | W2: 6 | X2: 0 | Y2: 0 | Z2: 0 | AA2: 0 | AB2: 0 | AC2: 0 | AD2: 0 | AE2: 0 | AF2: 0 | AG2: 0 | AH2: 0 | AI2: 0 | AJ2: 0 | AK2: 46179
B3: Weisshorn | C3: 04BW1M | D3: 6366 | F3: =E3*21 -> 0 | H3: =1-I3/F3 -> #DIV/0! | I3: =SUM(J3:AI3) -> 0 | J3: 0 | L3: 0 | N3: 0 | O3: 0 | P3: 0 | R3: 0 | S3: 0 | T3: 0 | AB3: 0 | AG3: 0 | AI3: 0 | AJ3: 0 | AL3: No 6366 調站
A4: 46181 | B4: Weisshorn | C4: 04BW1M | D4: 6446 | E4: 13 | F4: =E4*21 -> 273 | G4: 0.978 | H4: =1-I4/F4 -> 0.97802198 | I4: =SUM(J4:AI4) -> 6 | J4: 0 | K4: 0 | L4: 0 | M4: 0 | N4: 0 | O4: 0 | P4: 0 | Q4: 0 | R4: 0 | S4: 0 | T4: 0 | U4: 0 | V4: 0 | W4: 6 | X4: 0 | Y4: 0 | Z4: 0 | AA4: 0 | AB4: 0 | AC4: 0 | AD4: 0 | AE4: 0 | AF4: 0 | AG4: 0 | AH4: 0 | AI4: 0 | AJ4: 0 | AK4: 46179
A5: 46196 | B5: Weisshorn | C5: 04BW1MB001 | D5: 6581 | E5: 1 | F5: =E5*21 -> 21 | G5: 1 | H5: =1-I5/F5 -> 1 | I5: =SUM(J5:AJ5) -> 0 | J5: 0 | K5: 0 | L5: 0 | M5: 0 | N5: 0 | O5: 0 | P5: 0 | Q5: 0 | R5: 0 | S5: 0 | T5: 0 | U5: 0 | V5: 0 | W5: 0 | X5: 0 | Y5: 0 | Z5: 0 | AA5: 0 | AB5: 0 | AC5: 0 | AD5: 0 | AE5: 0 | AF5: 0 | AG5: 0 | AH5: 0 | AI5: 0 | AJ5: 0 | AK5: 46195
A6: 46199 | B6: Weisshorn | C6: 04BW1MB001 | D6: 6601 | E6: 1 | F6: =E6*21 -> 21 | G6: 1 | H6: =1-I6/F6 -> 0.95238095 | I6: =SUM(J6:AJ6) -> 1 | J6: 0 | K6: 0 | L6: 0 | M6: 0 | N6: 0 | O6: 0 | P6: 0 | Q6: 0 | R6: 1 | S6: 0 | T6: 0 | U6: 0 | V6: 0 | W6: 0 | X6: 0 | Y6: 0 | Z6: 0 | AA6: 0 | AB6: 0 | AC6: 0 | AD6: 0 | AE6: 0 | AF6: 0 | AG6: 0 | AH6: 0 | AI6: 0 | AJ6: 0 | AK6: 46198
A7: 46203 | B7: Weisshorn | C7: 04BW1MB002 | D7: 6581 | E7: 1 | F7: =E7*21 -> 21 | G7: 1 | H7: =1-I7/F7 -> 1 | I7: =SUM(J7:AJ7) -> 0 | J7: 0 | K7: 0 | L7: 0 | M7: 0 | N7: 0 | O7: 0 | P7: 0 | Q7: 0 | R7: 0 | S7: 0 | T7: 0 | U7: 0 | V7: 0 | W7: 0 | X7: 0 | Y7: 0 | Z7: 0 | AA7: 0 | AB7: 0 | AC7: 0 | AD7: 0 | AE7: 0 | AF7: 0 | AG7: 0 | AH7: 0 | AI7: 0 | AJ7: 0 | AK7: 46202
A8: 46156 | B8: Weisshorn | C8: 04BW1N | D8: 6446 | E8: 13 | F8: =E8*21 -> 273 | G8: 0.9853 | H8: =1-I8/F8 -> 0.98534799 | I8: =SUM(J8:AJ8) -> 4 | J8: 0 | K8: 0 | L8: 0 | M8: 3 | N8: 0 | O8: 0 | P8: 0 | Q8: 0 | R8: 0 | S8: 0 | T8: 0 | U8: 0 | V8: 1 | W8: 0 | X8: 0 | Y8: 0 | Z8: 0 | AA8: 0 | AB8: 0 | AC8: 0 | AD8: 0 | AE8: 0 | AF8: 0 | AG8: 0 | AH8: 0 | AI8: 0 | AJ8: 0 | AK8: 46153
A9: 46181 | B9: Weisshorn | C9: 04BW1N | D9: 6581 | E9: 4 | F9: =E9*21 -> 84 | G9: 1 | H9: =1-I9/F9 -> 1 | I9: =SUM(J9:AJ9) -> 0 | J9: 0 | K9: 0 | L9: 0 | M9: 0 | N9: 0 | O9: 0 | P9: 0 | Q9: 0 | R9: 0 | S9: 0 | T9: 0 | U9: 0 | V9: 0 | W9: 0 | X9: 0 | Y9: 0 | Z9: 0 | AA9: 0 | AB9: 0 | AC9: 0 | AD9: 0 | AE9: 0 | AF9: 0 | AG9: 0 | AH9: 0 | AI9: 0 | AJ9: 0 | AK9: 46179
A10: 46190 | B10: Weisshorn | C10: 04BW1N | D10: 6601 | E10: 4 | F10: =E10*21 -> 84 | G10: 1 | H10: =1-I10/F10 -> 1 | I10: =SUM(J10:AJ10) -> 0 | J10: 0 | K10: 0 | L10: 0 | M10: 0 | N10: 0 | O10: 0 | P10: 0 | Q10: 0 | R10: 0 | S10: 0 | T10: 0 | U10: 0 | V10: 0 | W10: 0 | X10: 0 | Y10: 0 | Z10: 0 | AA10: 0 | AB10: 0 | AC10: 0 | AD10: 0 | AE10: 0 | AF10: 0 | AG10: 0 | AH10: 0 | AI10: 0 | AJ10: 0 | AK10: 46187
A11: 46195 | B11: Weisshorn | C11: 04BW1N | D11: 6688 | E11: 2 | F11: 42 | G11: 1 | H11: =1-I11/F11 -> 1 | I11: =SUM(J11:AJ11) -> 0 | J11: 0 | K11: 0 | L11: 0 | M11: 0 | N11: 0 | O11: 0 | P11: 0 | Q11: 0 | R11: 0 | S11: 0 | T11: 0 | U11: 0 | V11: 0 | W11: 0 | X11: 0 | Y11: 0 | Z11: 0 | AA11: 0 | AB11: 0 | AC11: 0 | AD11: 0 | AE11: 0 | AF11: 0 | AG11: 0 | AH11: 0 | AI11: 0 | AJ11: 0 | AK11: 46191
A12: 46156 | B12: Weisshorn | C12: 04BW1N | D12: 6446 | E12: 13 | F12: =E12*21 -> 273 | G12: 0.9853 | H12: =1-I12/F12 -> 0.98534799 | I12: =SUM(J12:AI12) -> 4 | J12: 0 | K12: 0 | L12: 0 | M12: 3 | N12: 0 | O12: 0 | P12: 0 | Q12: 0 | R12: 0 | S12: 0 | T12: 0 | U12: 0 | V12: 1 | W12: 0 | X12: 0 | Y12: 0 | Z12: 0 | AA12: 0 | AB12: 0 | AC12: 0 | AD12: 0 | AE12: 0 | AF12: 0 | AG12: 0 | AH12: 0 | AI12: 0 | AJ12: 0 | AK12: 46153
A13: 46168 | B13: Weisshorn | C13: 04BW1NB002 | D13: 6581 | E13: 2 | F13: =E13*21 -> 42 | G13: 1 | H13: =1-I13/F13 -> 1 | I13: =SUM(J13:AJ13) -> 0 | J13: 0 | K13: 0 | L13: 0 | M13: 0 | N13: 0 | O13: 0 | P13: 0 | Q13: 0 | R13: 0 | S13: 0 | T13: 0 | U13: 0 | V13: 0 | W13: 0 | X13: 0 | Y13: 0 | Z13: 0 | AA13: 0 | AB13: 0 | AC13: 0 | AD13: 0 | AE13: 0 | AF13: 0 | AG13: 0 | AH13: 0 | AI13: 0 | AJ13: 0 | AK13: 46168
A14: 46177 | B14: Weisshorn | C14: 04BW1NB002 | D14: 6601 | E14: 2 | F14: =E14*21 -> 42 | G14: 0.9524 | H14: =1-I14/F14 -> 0.95238095 | I14: =SUM(J14:AJ14) -> 2 | J14: 0 | K14: 0 | L14: 0 | M14: 0 | N14: 0 | O14: 0 | P14: 0 | Q14: 0 | R14: 0 | S14: 0 | T14: 0 | U14: 2 | V14: 0 | W14: 0 | X14: 0 | Y14: 0 | Z14: 0 | AA14: 0 | AB14: 0 | AC14: 0 | AD14: 0 | AE14: 0 | AF14: 0 | AG14: 0 | AH14: 0 | AI14: 0 | AJ14: 0 | AK14: 46175
A15: 46202 | B15: Weisshorn | C15: 04BW1NB004 | D15: 6688 | E15: 2 | F15: =E15*21 -> 42 | G15: 1 | H15: =1-I15/F15 -> 1 | I15: =SUM(J15:AJ15) -> 0 | J15: 0 | K15: 0 | L15: 0 | M15: 0 | N15: 0 | O15: 0 | P15: 0 | Q15: 0 | R15: 0 | S15: 0 | T15: 0 | U15: 0 | V15: 0 | W15: 0 | X15: 0 | Y15: 0 | Z15: 0 | AA15: 0 | AB15: 0 | AC15: 0 | AD15: 0 | AE15: 0 | AF15: 0 | AG15: 0 | AH15: 0 | AI15: 0 | AJ15: 0 | AK15: 46202
A16: 46136 | B16: Weisshorn | C16: 04BW2K | D16: 6366 | E16: 9 | F16: =E16*21 -> 189 | G16: 0.9683 | H16: =1-I16/F16 -> 1 | I16: =SUM(J16:AI16) -> 0 | J16: 0 | K16: 0 | L16: 0 | M16: 0 | N16: 0 | O16: 0 | P16: 0 | Q16: 0 | R16: 0 | S16: 0 | T16: 0 | U16: 0 | V16: 0 | W16: 0 | X16: 0 | Y16: 0 | Z16: 0 | AA16: 0 | AB16: 0 | AC16: 0 | AD16: 0 | AE16: 0 | AF16: 0 | AG16: 0 | AH16: 0 | AI16: 0 | AJ16: 0 | AK16: 46136
B17: Weisshorn | C17: 04BW2K | D17: 6446 | F17: =E17*21 -> 0 | H17: =1-I17/F17 -> #DIV/0! | I17: =SUM(J17:AI17) -> 0 | J17: 0 | L17: 0 | O17: 0 | R17: 0 | S17: 0 | T17: 0 | AB17: 0 | AJ17: 0
A18: 46149 | B18: Weisshorn | C18: 04BW2L | D18: 6366 | E18: 13 | F18: =E18*21 -> 273 | G18: 0.9963 | H18: =1-I18/F18 -> 0.996337 | I18: =SUM(J18:AI18) -> 1 | J18: 0 | K18: 0 | L18: 0 | M18: 0 | N18: 1 | O18: 0 | P18: 0 | Q18: 0 | R18: 0 | S18: 0 | T18: 0 | U18: 0 | V18: 0 | W18: 0 | X18: 0 | Y18: 0 | Z18: 0 | AA18: 0 | AB18: 0 | AC18: 0 | AD18: 0 | AE18: 0 | AF18: 0 | AG18: 0 | AH18: 0 | AI18: 0 | AJ18: 0 | AK18: 46149
A19: 46162 | B19: Weisshorn | C19: 04BW2MB001 | D19: 6366 | E19: 2 | F19: =E19*21 -> 42 | G19: 0.9286 | H19: =1-I19/F19 -> 0.92857143 | I19: =SUM(J19:AI19) -> 3 | J19: 0 | K19: 0 | L19: 0 | M19: 0 | N19: 0 | O19: 0 | P19: 2 | Q19: 0 | R19: 0 | S19: 0 | T19: 0 | U19: 0 | V19: 0 | W19: 0 | X19: 1 | Y19: 0 | Z19: 0 | AA19: 0 | AB19: 0 | AC19: 0 | AD19: 0 | AE19: 0 | AF19: 0 | AG19: 0 | AH19: 0 | AI19: 0 | AJ19: 0 | AK19: 46161
A20: 46098 | B20: Weisshorn | C20: 04BW2P | D20: 6446 | E20: 9 | F20: =E20*21 -> 189 | G20: 0.9471 | H20: =1-I20/F20 -> 0.94708995 | I20: =SUM(J20:AJ20) -> 10 | J20: 0 | K20: 0 | L20: 0 | M20: 0 | N20: 0 | O20: 0 | P20: 0 | Q20: 0 | R20: 0 | S20: 0 | T20: 0 | U20: 9 | V20: 0 | W20: 0 | X20: 0 | Y20: 0 | Z20: 0 | AA20: 0 | AB20: 0 | AC20: 0 | AD20: 1 | AE20: 0 | AF20: 0 | AG20: 0 | AH20: 0 | AI20: 0 | AJ20: 0 | AK20: 46098
A21: 46111 | B21: Weisshorn | C21: 04BW2P | D21: 6581 | E21: 8 | F21: =E21*21 -> 168 | G21: 1 | H21: =1-I21/F21 -> 1 | I21: =SUM(J21:AJ21) -> 0 | J21: 0 | K21: 0 | L21: 0 | M21: 0 | N21: 0 | O21: 0 | P21: 0 | Q21: 0 | R21: 0 | S21: 0 | T21: 0 | U21: 0 | V21: 0 | W21: 0 | X21: 0 | Y21: 0 | Z21: 0 | AA21: 0 | AB21: 0 | AC21: 0 | AD21: 0 | AE21: 0 | AF21: 0 | AG21: 0 | AH21: 0 | AI21: 0 | AJ21: 0 | AK21: 46110
A22: 46119 | B22: Weisshorn | C22: 04BW2P | D22: 6601 | E22: 7 | F22: =E22*21 -> 147 | G22: 1 | H22: =1-I22/F22 -> 1 | I22: =SUM(J22:AJ22) -> 0 | J22: 0 | K22: 0 | L22: 0 | M22: 0 | N22: 0 | O22: 0 | P22: 0 | Q22: 0 | R22: 0 | S22: 0 | T22: 0 | U22: 0 | V22: 0 | W22: 0 | X22: 0 | Y22: 0 | Z22: 0 | AA22: 0 | AB22: 0 | AC22: 0 | AD22: 0 | AE22: 0 | AF22: 0 | AG22: 0 | AH22: 0 | AI22: 0 | AJ22: 0 | AK22: 46119
A23: 46092 | B23: Weisshorn | C23: 04BW2P | D23: 6366 | E23: 9 | F23: =E23*21 -> 189 | G23: 0.9947 | H23: =1-I23/F23 -> 0.99470899 | I23: =SUM(J23:AI23) -> 1 | J23: 0 | K23: 0 | L23: 0 | M23: 0 | N23: 0 | O23: 0 | P23: 0 | Q23: 0 | R23: 0 | S23: 0 | T23: 0 | U23: 0 | Y23: 0 | Z23: 0 | AA23: 0 | AB23: 0 | AC23: 0 | AD23: 1 | AE23: 0 | AF23: 0 | AG23: 0 | AH23: 0 | AI23: 0 | AJ23: 0 | AK23: 46091
A24: 46098 | B24: Weisshorn | C24: 04BW2P | D24: 6446 | E24: 9 | F24: =E24*21 -> 189 | G24: 0.9471 | H24: =1-I24/F24 -> 0.94708995 | I24: =SUM(J24:AI24) -> 10 | J24: 0 | K24: 0 | L24: 0 | M24: 0 | N24: 0 | O24: 0 | P24: 0 | Q24: 0 | R24: 0 | S24: 0 | T24: 0 | U24: 9 | Y24: 0 | Z24: 0 | AA24: 0 | AB24: 0 | AC24: 0 | AD24: 1 | AE24: 0 | AF24: 0 | AG24: 0 | AH24: 0 | AI24: 0 | AJ24: 0 | AK24: 46098
B25: Weisshorn | C25: 04BW2PB001 | D25: 6366 | F25: =E25*21 -> 0 | H25: =1-I25/F25 -> #DIV/0! | I25: =SUM(J25:AI25) -> 0 | J25: 0 | L25: 0 | O25: 0 | R25: 0 | S25: 0 | T25: 0 | AB25: 0 | AJ25: 0
B26: Weisshorn | C26: 04BW2PB002 | D26: 6581 | F26: =E26*21 -> 0 | H26: =1-I26/F26 -> #DIV/0! | I26: =SUM(J26:AJ26) -> 0 | N26: 0 | P26: 0 | T26: 0 | AB26: 0 | AE26: 0 | AG26: 0 | AH26: 0 | AI26: 0
A27: 46167 | B27: Weisshorn | C27: 04BW2PB003 | D27: 6601 | E27: 1 | F27: =E27*21 -> 21 | G27: 0.9524 | H27: =1-I27/F27 -> 0.95238095 | I27: =SUM(J27:AJ27) -> 1 | J27: 0 | K27: 0 | L27: 0 | M27: 0 | N27: 0 | O27: 0 | P27: 0 | Q27: 0 | R27: 0 | S27: 0 | T27: 0 | U27: 1 | V27: 0 | W27: 0 | X27: 0 | Y27: 0 | Z27: 0 | AA27: 0 | AB27: 0 | AC27: 0 | AD27: 0 | AE27: 0 | AF27: 0 | AG27: 0 | AH27: 0 | AI27: 0 | AJ27: 0 | AK27: 46163
A28: 46136 | B28: Weisshorn | C28: 04BW2Q | D28: 6366 | E28: 13 | F28: =E28*21 -> 273 | G28: 0.9927 | H28: =1-I28/F28 -> 0.99267399 | I28: =SUM(J28:AI28) -> 2 | J28: 0 | K28: 0 | L28: 0 | M28: 0 | N28: 0 | O28: 0 | P28: 0 | Q28: 0 | R28: 0 | S28: 0 | T28: 0 | U28: 0 | V28: 0 | W28: 0 | X28: 0 | Y28: 0 | Z28: 0 | AA28: 0 | AB28: 0 | AC28: 0 | AD28: 1 | AE28: 0 | AF28: 1 | AG28: 0 | AH28: 0 | AI28: 0 | AJ28: 0 | AK28: 46136
B29: Weisshorn | C29: 04BW2Q | D29: 6446 | I29: =SUM(J29:AI29) -> 0 | J29: 0 | L29: 0 | O29: 0 | R29: 0 | S29: 0 | T29: 0 | AB29: 0 | AJ29: 0
A30: 46009 | B30: Weisshorn | C30: 04BW4SB004 | D30: 6446 | E30: 4 | F30: =E30*21 -> 84 | G30: 0.9762 | H30: =1-I30/F30 -> 0.97619048 | I30: =SUM(J30:AJ30) -> 2 | J30: 0 | K30: 0 | L30: 0 | M30: 0 | N30: 0 | O30: 0 | P30: 0 | Q30: 0 | R30: 0 | S30: 0 | T30: 0 | U30: 0 | V30: 0 | W30: 0 | X30: 0 | Y30: 0 | Z30: 0 | AA30: 0 | AB30: 0 | AC30: 2 | AD30: 0 | AE30: 0 | AF30: 0 | AG30: 0 | AH30: 0 | AI30: 0 | AJ30: 0 | AK30: 45959
A31: - | B31: Weisshorn | C31: 04BW4SB004 | D31: 6581 | F31: =E31*21 -> 0 | H31: =1-I31/F31 -> #DIV/0! | I31: =SUM(J31:AJ31) -> 0 | N31: 0 | P31: 0 | T31: 0 | AB31: 0 | AE31: 0 | AG31: 0 | AH31: 0 | AI31: 0 | AL31: Product comment no need judgment
A32: 46013 | B32: Weisshorn | C32: 04BW4SB004 | D32: 6601 | E32: 4 | F32: =E32*21 -> 84 | G32: 1 | H32: =1-I32/F32 -> 1 | I32: =SUM(J32:AJ32) -> 0 | J32: 0 | K32: 0 | L32: 0 | M32: 0 | N32: 0 | O32: 0 | P32: 0 | Q32: 0 | R32: 0 | S32: 0 | T32: 0 | U32: 0 | V32: 0 | W32: 0 | X32: 0 | Y32: 0 | Z32: 0 | AA32: 0 | AB32: 0 | AC32: 0 | AD32: 0 | AE32: 0 | AF32: 0 | AG32: 0 | AH32: 0 | AI32: 0 | AJ32: 0 | AK32: 45994
A33: 46013 | B33: Weisshorn | C33: 04BW4SB004 | D33: 6688 | E33: 4 | F33: =E33*21 -> 84 | G33: 1 | H33: =1-I33/F33 -> 1 | I33: =SUM(J33:AJ33) -> 0 | J33: 0 | K33: 0 | L33: 0 | M33: 0 | N33: 0 | O33: 0 | P33: 0 | Q33: 0 | R33: 0 | S33: 0 | T33: 0 | U33: 0 | V33: 0 | W33: 0 | X33: 0 | Y33: 0 | Z33: 0 | AA33: 0 | AB33: 0 | AC33: 0 | AD33: 0 | AE33: 0 | AF33: 0 | AG33: 0 | AH33: 0 | AI33: 0 | AJ33: 0 | AK33: 45994
A34: 46013 | B34: Weisshorn | C34: 04BW4SB004 | D34: 6494 | E34: 4 | F34: =E34*21 -> 84 | G34: 1 | H34: =1-I34/F34 -> 1 | I34: =SUM(J34:AJ34) -> 0 | J34: 0 | K34: 0 | L34: 0 | M34: 0 | N34: 0 | O34: 0 | P34: 0 | Q34: 0 | R34: 0 | S34: 0 | T34: 0 | U34: 0 | V34: 0 | W34: 0 | X34: 0 | Y34: 0 | Z34: 0 | AA34: 0 | AB34: 0 | AC34: 0 | AD34: 0 | AE34: 0 | AF34: 0 | AG34: 0 | AH34: 0 | AI34: 0 | AJ34: 0 | AK34: 45989
A35: 46013 | B35: Weisshorn | C35: 04BW4SB004 | E35: 4 | F35: =E35*21 -> 84 | G35: 1 | H35: =1-I35/F35 -> 1 | I35: =SUM(J35:AJ35) -> 0 | J35: 0 | K35: 0 | L35: 0 | M35: 0 | N35: 0 | O35: 0 | P35: 0 | Q35: 0 | R35: 0 | S35: 0 | T35: 0 | U35: 0 | V35: 0 | W35: 0 | X35: 0 | Y35: 0 | Z35: 0 | AA35: 0 | AB35: 0 | AC35: 0 | AD35: 0 | AE35: 0 | AF35: 0 | AG35: 0 | AH35: 0 | AI35: 0 | AJ35: 0 | AK35: 45996
A36: 46209 | B36: AT2 | C36: 11BWBPB002 | D36: 6688 | E36: 1 | F36: =E36*120 -> 120 | G36: 1 | H36: =1-I36/F36 -> 1 | I36: =SUM(J36:AJ36) -> 0 | J36: 0 | K36: 0 | L36: 0 | M36: 0 | N36: 0 | O36: 0 | P36: 0 | Q36: 0 | R36: 0 | S36: 0 | T36: 0 | U36: 0 | V36: 0 | W36: 0 | X36: 0 | Y36: 0 | Z36: 0 | AA36: 0 | AB36: 0 | AC36: 0 | AD36: 0 | AE36: 0 | AF36: 0 | AG36: 0 | AH36: 0 | AI36: 0 | AJ36: 0
A37: 46223 | B37: AT2 | C37: 11BWBPB002 | D37: 6494 | E37: 1 | F37: =E37*120 -> 120 | G37: 1 | H37: =1-I37/F37 -> 1 | I37: =SUM(J37:AJ37) -> 0 | J37: 0 | K37: 0 | L37: 0 | M37: 0 | N37: 0 | O37: 0 | P37: 0 | Q37: 0 | R37: 0 | S37: 0 | T37: 0 | U37: 0 | V37: 0 | W37: 0 | X37: 0 | Y37: 0 | Z37: 0 | AA37: 0 | AB37: 0 | AC37: 0 | AD37: 0 | AE37: 0 | AF37: 0 | AG37: 0 | AH37: 0 | AI37: 0 | AJ37: 0 | AK37: 46222
A38: 46223 | B38: AT2 | C38: 11BWBPB002 | D38: 6905 | E38: 1 | F38: =E38*120 -> 120 | G38: 1 | H38: =1-I38/F38 -> 1 | I38: =SUM(J38:AJ38) -> 0 | J38: 0 | K38: 0 | L38: 0 | M38: 0 | N38: 0 | O38: 0 | P38: 0 | Q38: 0 | R38: 0 | S38: 0 | T38: 0 | U38: 0 | V38: 0 | W38: 0 | X38: 0 | Y38: 0 | Z38: 0 | AA38: 0 | AB38: 0 | AC38: 0 | AD38: 0 | AE38: 0 | AF38: 0 | AG38: 0 | AH38: 0 | AI38: 0 | AJ38: 0 | AK38: 46222
A39: 46219 | B39: MDS1 | C39: 14BW56 | D39: 6601 | E39: 11 | F39: 1870 | G39: 0.99679144 | H39: =1-I39/F39 -> 0.99679144 | I39: =SUM(J39:AJ39) -> 6 | J39: 0 | K39: 0 | L39: 0 | M39: 0 | N39: 0 | O39: 0 | P39: 0 | Q39: 0 | R39: 0 | S39: 0 | T39: 0 | U39: 5 | V39: 0 | W39: 0 | X39: 0 | Y39: 0 | Z39: 1 | AA39: 0 | AB39: 0 | AC39: 0 | AD39: 0 | AE39: 0 | AF39: 0 | AG39: 0 | AH39: 0 | AI39: 0 | AJ39: 0 | AK39: 46214
A40: 46219 | B40: MDS1 | C40: 14BW56 | D40: 6688 | E40: 11 | F40: 1870 | G40: 1 | H40: =1-I40/F40 -> 1 | I40: =SUM(J40:AJ40) -> 0 | J40: 0 | K40: 0 | L40: 0 | M40: 0 | N40: 0 | O40: 0 | P40: 0 | Q40: 0 | R40: 0 | S40: 0 | T40: 0 | U40: 0 | V40: 0 | W40: 0 | X40: 0 | Y40: 0 | Z40: 0 | AA40: 0 | AB40: 0 | AC40: 0 | AD40: 0 | AE40: 0 | AF40: 0 | AG40: 0 | AH40: 0 | AI40: 0 | AJ40: 0 | AK40: 46219
A41: 46230 | B41: MDS1 | C41: 14BW56 | D41: 6494 | E41: 11 | F41: 1870 | G41: 0.9989 | H41: =1-I41/F41 -> 0.99893048 | I41: =SUM(J41:AJ41) -> 2 | J41: 0 | K41: 0 | L41: 0 | M41: 0 | N41: 0 | O41: 0 | P41: 0 | Q41: 0 | R41: 0 | S41: 0 | T41: 0 | U41: 1 | V41: 0 | W41: 0 | X41: 0 | Y41: 1 | Z41: 0 | AA41: 0 | AB41: 0 | AC41: 0 | AD41: 0 | AE41: 0 | AF41: 0 | AG41: 0 | AH41: 0 | AI41: 0 | AJ41: 0 | AK41: 46221
A42: 46230 | B42: MDS1 | C42: 14BW56 | D42: 6905 | E42: 11 | F42: 1870 | G42: 0.9995 | H42: =1-I42/F42 -> 0.99946524 | I42: =SUM(J42:AJ42) -> 1 | J42: 1 | K42: 0 | L42: 0 | M42: 0 | N42: 0 | O42: 0 | P42: 0 | Q42: 0 | R42: 0 | S42: 0 | T42: 0 | U42: 0 | V42: 0 | W42: 0 | X42: 0 | Y42: 0 | Z42: 0 | AA42: 0 | AB42: 0 | AC42: 0 | AD42: 0 | AE42: 0 | AF42: 0 | AG42: 0 | AH42: 0 | AI42: 0 | AJ42: 0 | AK42: 46229
A43: 46210 | B43: MDS1 | C43: 14BW56B001 | D43: 6581 | E43: 1 | F43: 170 | G43: 0.99411765 | H43: =1-I43/F43 -> 0.99411765 | I43: =SUM(J43:AJ43) -> 1 | J43: 0 | K43: 0 | L43: 0 | M43: 0 | N43: 0 | O43: 0 | P43: 0 | Q43: 0 | R43: 0 | S43: 0 | T43: 0 | U43: 0 | V43: 1 | W43: 0 | X43: 0 | Y43: 0 | Z43: 0 | AA43: 0 | AB43: 0 | AC43: 0 | AD43: 0 | AE43: 0 | AF43: 0 | AG43: 0 | AH43: 0 | AI43: 0 | AJ43: 0
A44: 46231 | B44: MDS1 | C44: 14BW56B001 | D44: 6601 | E44: 1 | F44: 170 | G44: 1 | H44: =1-I44/F44 -> 1 | I44: =SUM(J44:AJ44) -> 0 | J44: 0 | K44: 0 | L44: 0 | M44: 0 | N44: 0 | O44: 0 | P44: 0 | Q44: 0 | R44: 0 | S44: 0 | T44: 0 | U44: 0 | V44: 0 | W44: 0 | X44: 0 | Y44: 0 | Z44: 0 | AA44: 0 | AB44: 0 | AC44: 0 | AD44: 0 | AE44: 0 | AF44: 0 | AG44: 0 | AH44: 0 | AI44: 0 | AJ44: 0 | AK44: 46225
A45: 46231 | B45: MDS1 | C45: 14BW56B001 | D45: 6688 | E45: 1 | F45: 170 | G45: 1 | H45: =1-I45/F45 -> 1 | I45: =SUM(J45:AJ45) -> 0 | J45: 0 | K45: 0 | L45: 0 | M45: 0 | N45: 0 | O45: 0 | P45: 0 | Q45: 0 | R45: 0 | S45: 0 | T45: 0 | U45: 0 | V45: 0 | W45: 0 | X45: 0 | Y45: 0 | Z45: 0 | AA45: 0 | AB45: 0 | AC45: 0 | AD45: 0 | AE45: 0 | AF45: 0 | AG45: 0 | AH45: 0 | AI45: 0 | AJ45: 0 | AK45: 46228
A46: 46234 | B46: MDS1 | C46: 14BW56B001 | D46: 6494 | E46: 1 | F46: 170 | G46: 1 | H46: =1-I46/F46 -> 1 | I46: =SUM(J46:AJ46) -> 0 | J46: 0 | K46: 0 | L46: 0 | M46: 0 | N46: 0 | O46: 0 | P46: 0 | Q46: 0 | R46: 0 | S46: 0 | T46: 0 | U46: 0 | V46: 0 | W46: 0 | X46: 0 | Y46: 0 | Z46: 0 | AA46: 0 | AB46: 0 | AC46: 0 | AD46: 0 | AE46: 0 | AF46: 0 | AG46: 0 | AH46: 0 | AI46: 0 | AJ46: 0 | AK46: 46229
A47: 46239 | B47: MDS1 | C47: 14BW56B001 | D47: 6905 | E47: 1 | F47: 170 | G47: 1 | H47: =1-I47/F47 -> 1 | I47: =SUM(J47:AJ47) -> 0 | J47: 0 | K47: 0 | L47: 0 | M47: 0 | N47: 0 | O47: 0 | P47: 0 | Q47: 0 | R47: 0 | S47: 0 | T47: 0 | U47: 0 | V47: 0 | W47: 0 | X47: 0 | Y47: 0 | Z47: 0 | AA47: 0 | AB47: 0 | AC47: 0 | AD47: 0 | AE47: 0 | AF47: 0 | AG47: 0 | AH47: 0 | AI47: 0 | AJ47: 0 | AK47: 46238
A48: 46219 | B48: MDS1 | C48: 14BW57 | D48: 6601 | E48: 4 | F48: 680 | G48: 0.99852941 | H48: =1-I48/F48 -> 0.99852941 | I48: =SUM(J48:AJ48) -> 1 | J48: 0 | K48: 0 | L48: 0 | M48: 0 | N48: 0 | O48: 0 | P48: 0 | Q48: 0 | R48: 0 | S48: 0 | T48: 0 | U48: 1 | V48: 0 | W48: 0 | X48: 0 | Y48: 0 | Z48: 0 | AA48: 0 | AB48: 0 | AC48: 0 | AD48: 0 | AE48: 0 | AF48: 0 | AG48: 0 | AH48: 0 | AI48: 0 | AJ48: 0 | AK48: 46215
A49: 46219 | B49: MDS1 | C49: 14BW57 | D49: 6688 | E49: 4 | F49: 680 | G49: 1 | H49: =1-I49/F49 -> 1 | I49: =SUM(J49:AJ49) -> 0 | J49: 0 | K49: 0 | L49: 0 | M49: 0 | N49: 0 | O49: 0 | P49: 0 | Q49: 0 | R49: 0 | S49: 0 | T49: 0 | U49: 0 | V49: 0 | W49: 0 | X49: 0 | Y49: 0 | Z49: 0 | AA49: 0 | AB49: 0 | AC49: 0 | AD49: 0 | AE49: 0 | AF49: 0 | AG49: 0 | AH49: 0 | AI49: 0 | AJ49: 0 | AK49: 46218
A50: 46230 | B50: MDS1 | C50: 14BW57 | D50: 6494 | E50: 3 | F50: 510 | G50: 0.998 | H50: =1-I50/F50 -> 0.99803922 | I50: =SUM(J50:AJ50) -> 1 | J50: 0 | K50: 0 | L50: 0 | M50: 0 | N50: 0 | O50: 0 | P50: 0 | Q50: 0 | R50: 0 | S50: 0 | T50: 0 | U50: 1 | V50: 0 | W50: 0 | X50: 0 | Y50: 0 | Z50: 0 | AA50: 0 | AB50: 0 | AC50: 0 | AD50: 0 | AE50: 0 | AF50: 0 | AG50: 0 | AH50: 0 | AI50: 0 | AJ50: 0 | AK50: 46229
A51: 46230 | B51: MDS1 | C51: 14BW57 | D51: 6905 | E51: 3 | F51: 510 | G51: 1 | H51: =1-I51/F51 -> 1 | I51: =SUM(J51:AJ51) -> 0 | J51: 0 | K51: 0 | L51: 0 | M51: 0 | N51: 0 | O51: 0 | P51: 0 | Q51: 0 | R51: 0 | S51: 0 | T51: 0 | U51: 0 | V51: 0 | W51: 0 | X51: 0 | Y51: 0 | Z51: 0 | AA51: 0 | AB51: 0 | AC51: 0 | AD51: 0 | AE51: 0 | AF51: 0 | AG51: 0 | AH51: 0 | AI51: 0 | AJ51: 0 | AK51: 46229
A52: 46239 | B52: MDS1 | C52: 14BW57B001 | D52: 6905 | E52: 1 | F52: 170 | G52: 1 | H52: =1-I52/F52 -> 1 | I52: =SUM(J52:AJ52) -> 0 | J52: 0 | K52: 0 | L52: 0 | M52: 0 | N52: 0 | O52: 0 | P52: 0 | Q52: 0 | R52: 0 | S52: 0 | T52: 0 | U52: 0 | V52: 0 | W52: 0 | X52: 0 | Y52: 0 | Z52: 0 | AA52: 0 | AB52: 0 | AC52: 0 | AD52: 0 | AE52: 0 | AF52: 0 | AG52: 0 | AH52: 0 | AI52: 0 | AJ52: 0 | AK52: 46238
A53: 46212 | B53: MDS1 | C53: 14BW58 | D53: 6366 | E53: 12 | F53: 2040 | G53: 0.9995098 | H53: =1-I53/F53 -> 0.9995098 | I53: =SUM(J53:AJ53) -> 1 | J53: 0 | K53: 0 | L53: 0 | M53: 0 | N53: 0 | O53: 0 | P53: 0 | Q53: 0 | R53: 0 | S53: 0 | T53: 0 | U53: 0 | V53: 0 | W53: 0 | X53: 0 | Y53: 0 | Z53: 0 | AA53: 0 | AB53: 0 | AC53: 0 | AD53: 1 | AE53: 0 | AF53: 0 | AG53: 0 | AH53: 0 | AI53: 0 | AJ53: 0
A54: 46217 | B54: MDS1 | C54: 14BW58 | D54: 6446 | E54: 12 | F54: 2040 | G54: 0.9995098 | H54: =1-I54/F54 -> 0.9995098 | I54: =SUM(J54:AJ54) -> 1 | J54: 0 | K54: 0 | L54: 0 | M54: 1 | N54: 0 | O54: 0 | P54: 0 | Q54: 0 | R54: 0 | S54: 0 | T54: 0 | U54: 0 | V54: 0 | W54: 0 | X54: 0 | Y54: 0 | Z54: 0 | AA54: 0 | AB54: 0 | AC54: 0 | AD54: 0 | AE54: 0 | AF54: 0 | AG54: 0 | AH54: 0 | AI54: 0 | AJ54: 0
A55: 46220 | B55: MDS1 | C55: 14BW58 | D55: 6581 | E55: 12 | F55: 2040 | G55: 1 | H55: =1-I55/F55 -> 1 | I55: =SUM(J55:AJ55) -> 0 | J55: 0 | K55: 0 | L55: 0 | M55: 0 | N55: 0 | O55: 0 | P55: 0 | Q55: 0 | R55: 0 | S55: 0 | T55: 0 | U55: 0 | V55: 0 | W55: 0 | X55: 0 | Y55: 0 | Z55: 0 | AA55: 0 | AB55: 0 | AC55: 0 | AD55: 0 | AE55: 0 | AF55: 0 | AG55: 0 | AH55: 0 | AI55: 0 | AJ55: 0
A56: 46231 | B56: MDS1 | C56: 14BW58 | D56: 6601 | E56: 11 | F56: 1870 | G56: 0.9968 | H56: =1-I56/F56 -> 0.99679144 | I56: =SUM(J56:AJ56) -> 6 | J56: 0 | K56: 0 | L56: 0 | M56: 0 | N56: 0 | O56: 0 | P56: 0 | Q56: 0 | R56: 1 | S56: 0 | T56: 0 | U56: 3 | V56: 1 | W56: 0 | X56: 0 | Y56: 1 | Z56: 0 | AA56: 0 | AB56: 0 | AC56: 0 | AD56: 0 | AE56: 0 | AF56: 0 | AG56: 0 | AH56: 0 | AI56: 0 | AJ56: 0 | AK56: 46223
A57: 46231 | B57: MDS1 | C57: 14BW58 | D57: 6688 | E57: 9 | F57: 1530 | G57: 0.9993 | H57: =1-I57/F57 -> 0.99934641 | I57: =SUM(J57:AJ57) -> 1 | J57: 0 | K57: 0 | L57: 0 | M57: 0 | N57: 0 | O57: 0 | P57: 0 | Q57: 0 | R57: 0 | S57: 0 | T57: 0 | U57: 0 | V57: 0 | W57: 1 | X57: 0 | Y57: 0 | Z57: 0 | AA57: 0 | AB57: 0 | AC57: 0 | AD57: 0 | AE57: 0 | AF57: 0 | AG57: 0 | AH57: 0 | AI57: 0 | AJ57: 0 | AK57: 46228
A58: 46234 | B58: MDS1 | C58: 14BW58 | D58: 6494 | E58: 9 | F58: 1530 | G58: 0.9993 | H58: =1-I58/F58 -> 0.99934641 | I58: =SUM(J58:AJ58) -> 1 | J58: 0 | K58: 0 | L58: 0 | M58: 0 | N58: 0 | O58: 0 | P58: 0 | Q58: 0 | R58: 0 | S58: 0 | T58: 0 | U58: 1 | V58: 0 | W58: 0 | X58: 0 | Y58: 0 | Z58: 0 | AA58: 0 | AB58: 0 | AC58: 0 | AD58: 0 | AE58: 0 | AF58: 0 | AG58: 0 | AH58: 0 | AI58: 0 | AJ58: 0 | AK58: 46230
A59: 46238 | B59: MDS1 | C59: 14BW58 | D59: 6905 | E59: 9 | F59: 1530 | G59: 0.9993 | H59: =1-I59/F59 -> 0.99934641 | I59: =SUM(J59:AJ59) -> 1 | J59: 0 | K59: 0 | L59: 0 | M59: 0 | N59: 0 | O59: 0 | P59: 0 | Q59: 1 | R59: 0 | S59: 0 | T59: 0 | U59: 0 | V59: 0 | W59: 0 | X59: 0 | Y59: 0 | Z59: 0 | AA59: 0 | AB59: 0 | AC59: 0 | AD59: 0 | AE59: 0 | AF59: 0 | AG59: 0 | AH59: 0 | AI59: 0 | AJ59: 0 | AK59: 46236
A60: 46237 | B60: MDS1 | C60: 14BW58B001 | D60: 6601 | E60: 1 | F60: 170 | G60: 1 | H60: =1-I60/F60 -> 1 | I60: =SUM(J60:AJ60) -> 0 | J60: 0 | K60: 0 | L60: 0 | M60: 0 | N60: 0 | O60: 0 | P60: 0 | Q60: 0 | R60: 0 | S60: 0 | T60: 0 | U60: 0 | V60: 0 | W60: 0 | X60: 0 | Y60: 0 | Z60: 0 | AA60: 0 | AB60: 0 | AC60: 0 | AD60: 0 | AE60: 0 | AF60: 0 | AG60: 0 | AH60: 0 | AI60: 0 | AJ60: 0 | AK60: 46228
A61: 46237 | B61: MDS1 | C61: 14BW58B001 | D61: 6688 | E61: 1 | F61: 170 | G61: 1 | H61: =1-I61/F61 -> 1 | I61: =SUM(J61:AJ61) -> 0 | J61: 0 | K61: 0 | L61: 0 | M61: 0 | N61: 0 | O61: 0 | P61: 0 | Q61: 0 | R61: 0 | S61: 0 | T61: 0 | U61: 0 | V61: 0 | W61: 0 | X61: 0 | Y61: 0 | Z61: 0 | AA61: 0 | AB61: 0 | AC61: 0 | AD61: 0 | AE61: 0 | AF61: 0 | AG61: 0 | AH61: 0 | AI61: 0 | AJ61: 0 | AK61: 46234
A62: 46246 | B62: MDS1 | C62: 14BW58B001 | D62: 6494 | E62: 1 | F62: 170 | G62: 1 | H62: =1-I62/F62 -> 1 | I62: =SUM(J62:AJ62) -> 0 | J62: 0 | K62: 0 | L62: 0 | M62: 0 | N62: 0 | O62: 0 | P62: 0 | Q62: 0 | R62: 0 | S62: 0 | T62: 0 | U62: 0 | V62: 0 | W62: 0 | X62: 0 | Y62: 0 | Z62: 0 | AA62: 0 | AB62: 0 | AC62: 0 | AD62: 0 | AE62: 0 | AF62: 0 | AG62: 0 | AH62: 0 | AI62: 0 | AJ62: 0 | AK62: 46236
A63: 46247 | B63: MDS1 | C63: 14BW58B001 | D63: 6905 | E63: 1 | F63: 170 | G63: 1 | H63: =1-I63/F63 -> 1 | I63: =SUM(J63:AJ63) -> 0 | J63: 0 | K63: 0 | L63: 0 | M63: 0 | N63: 0 | O63: 0 | P63: 0 | Q63: 0 | R63: 0 | S63: 0 | T63: 0 | U63: 0 | V63: 0 | W63: 0 | X63: 0 | Y63: 0 | Z63: 0 | AA63: 0 | AB63: 0 | AC63: 0 | AD63: 0 | AE63: 0 | AF63: 0 | AG63: 0 | AH63: 0 | AI63: 0 | AJ63: 0 | AK63: 46247
A64: 46227 | B64: MDS1 | C64: 14BW58B002 | D64: 6688 | E64: 2 | F64: 340 | G64: 0.9971 | H64: =1-I64/F64 -> 0.99705882 | I64: =SUM(J64:AJ64) -> 1 | J64: 0 | K64: 0 | L64: 0 | M64: 0 | N64: 0 | O64: 0 | P64: 0 | Q64: 0 | R64: 0 | S64: 1 | T64: 0 | U64: 0 | V64: 0 | W64: 0 | X64: 0 | Y64: 0 | Z64: 0 | AA64: 0 | AB64: 0 | AC64: 0 | AD64: 0 | AE64: 0 | AF64: 0 | AG64: 0 | AH64: 0 | AI64: 0 | AJ64: 0 | AK64: 46227
A65: 46233 | B65: MDS1 | C65: 14BW58B002 | D65: 6494 | E65: 2 | F65: 340 | G65: 1 | H65: =1-I65/F65 -> 1 | I65: =SUM(J65:AJ65) -> 0 | J65: 0 | K65: 0 | L65: 0 | M65: 0 | N65: 0 | O65: 0 | P65: 0 | Q65: 0 | R65: 0 | S65: 0 | T65: 0 | U65: 0 | V65: 0 | W65: 0 | X65: 0 | Y65: 0 | Z65: 0 | AA65: 0 | AB65: 0 | AC65: 0 | AD65: 0 | AE65: 0 | AF65: 0 | AG65: 0 | AH65: 0 | AI65: 0 | AJ65: 0 | AK65: 46228
A66: 46237 | B66: MDS1 | C66: 14BW58B002 | D66: 6905 | E66: 2 | F66: 340 | G66: 1 | H66: =1-I66/F66 -> 1 | I66: =SUM(J66:AJ66) -> 0 | J66: 0 | K66: 0 | L66: 0 | M66: 0 | N66: 0 | O66: 0 | P66: 0 | Q66: 0 | R66: 0 | S66: 0 | T66: 0 | U66: 0 | V66: 0 | W66: 0 | X66: 0 | Y66: 0 | Z66: 0 | AA66: 0 | AB66: 0 | AC66: 0 | AD66: 0 | AE66: 0 | AF66: 0 | AG66: 0 | AH66: 0 | AI66: 0 | AJ66: 0 | AK66: 46236
A67: 46212 | B67: MDS1 | C67: 14BW59 | D67: 6366 | E67: 6 | F67: 1020 | G67: 1 | H67: =1-I67/F67 -> 1 | I67: =SUM(J67:AJ67) -> 0 | J67: 0 | K67: 0 | L67: 0 | M67: 0 | N67: 0 | O67: 0 | P67: 0 | Q67: 0 | R67: 0 | S67: 0 | T67: 0 | U67: 0 | V67: 0 | W67: 0 | X67: 0 | Y67: 0 | Z67: 0 | AA67: 0 | AB67: 0 | AC67: 0 | AD67: 0 | AE67: 0 | AF67: 0 | AG67: 0 | AH67: 0 | AI67: 0 | AJ67: 0
A68: 46219 | B68: MDS1 | C68: 14BW59 | D68: 6446 | E68: 6 | F68: 1020 | G68: 1 | H68: =1-I68/F68 -> 1 | I68: =SUM(J68:AJ68) -> 0 | J68: 0 | K68: 0 | L68: 0 | M68: 0 | N68: 0 | O68: 0 | P68: 0 | Q68: 0 | R68: 0 | S68: 0 | T68: 0 | U68: 0 | V68: 0 | W68: 0 | X68: 0 | Y68: 0 | Z68: 0 | AA68: 0 | AB68: 0 | AC68: 0 | AD68: 0 | AE68: 0 | AF68: 0 | AG68: 0 | AH68: 0 | AI68: 0 | AJ68: 0 | AL68: Waive F20*1
A69: 46219 | B69: MDS1 | C69: 14BW59 | D69: 6581 | E69: 6 | F69: 1020 | G69: 0.99705882 | H69: =1-I69/F69 -> 0.99705882 | I69: =SUM(J69:AJ69) -> 3 | J69: 0 | K69: 0 | L69: 0 | M69: 0 | N69: 0 | O69: 0 | P69: 0 | Q69: 0 | R69: 1 | S69: 0 | T69: 0 | U69: 2 | V69: 0 | W69: 0 | X69: 0 | Y69: 0 | Z69: 0 | AA69: 0 | AB69: 0 | AC69: 0 | AD69: 0 | AE69: 0 | AF69: 0 | AG69: 0 | AH69: 0 | AI69: 0 | AJ69: 0
A70: 46225 | B70: MDS1 | C70: 14BW59 | D70: 6601 | E70: 6 | F70: 1020 | G70: 1 | H70: =1-I70/F70 -> 1 | I70: =SUM(J70:AJ70) -> 0 | J70: 0 | K70: 0 | L70: 0 | M70: 0 | N70: 0 | O70: 0 | P70: 0 | Q70: 0 | R70: 0 | S70: 0 | T70: 0 | U70: 0 | V70: 0 | W70: 0 | X70: 0 | Y70: 0 | Z70: 0 | AA70: 0 | AB70: 0 | AC70: 0 | AD70: 0 | AE70: 0 | AF70: 0 | AG70: 0 | AH70: 0 | AI70: 0 | AJ70: 0 | AK70: 46222
A71: 46225 | B71: MDS1 | C71: 14BW59 | D71: 6688 | E71: 6 | F71: 1020 | G71: 1 | H71: =1-I71/F71 -> 1 | I71: =SUM(J71:AJ71) -> 0 | J71: 0 | K71: 0 | L71: 0 | M71: 0 | N71: 0 | O71: 0 | P71: 0 | Q71: 0 | R71: 0 | S71: 0 | T71: 0 | U71: 0 | V71: 0 | W71: 0 | X71: 0 | Y71: 0 | Z71: 0 | AA71: 0 | AB71: 0 | AC71: 0 | AD71: 0 | AE71: 0 | AF71: 0 | AG71: 0 | AH71: 0 | AI71: 0 | AJ71: 0 | AK71: 46225
A72: 46232 | B72: MDS1 | C72: 14BW59 | D72: 6494 | E72: 6 | F72: 1020 | G72: 1 | H72: =1-I72/F72 -> 1 | I72: =SUM(J72:AJ72) -> 0 | J72: 0 | K72: 0 | L72: 0 | M72: 0 | N72: 0 | O72: 0 | P72: 0 | Q72: 0 | R72: 0 | S72: 0 | T72: 0 | U72: 0 | V72: 0 | W72: 0 | X72: 0 | Y72: 0 | Z72: 0 | AA72: 0 | AB72: 0 | AC72: 0 | AD72: 0 | AE72: 0 | AF72: 0 | AG72: 0 | AH72: 0 | AI72: 0 | AJ72: 0 | AK72: 46227
A73: 46232 | B73: MDS1 | C73: 14BW59 | D73: 6905 | E73: 6 | F73: 1020 | G73: 1 | H73: =1-I73/F73 -> 1 | I73: =SUM(J73:AJ73) -> 0 | J73: 0 | K73: 0 | L73: 0 | M73: 0 | N73: 0 | O73: 0 | P73: 0 | Q73: 0 | R73: 0 | S73: 0 | T73: 0 | U73: 0 | V73: 0 | W73: 0 | X73: 0 | Y73: 0 | Z73: 0 | AA73: 0 | AB73: 0 | AC73: 0 | AD73: 0 | AE73: 0 | AF73: 0 | AG73: 0 | AH73: 0 | AI73: 0 | AJ73: 0 | AK73: 46232
A74: 46210 | B74: MDS1 | C74: 14BW60 | D74: 6581 | E74: 7 | F74: 1190 | G74: 0.99411765 | H74: =1-I74/F74 -> 0.99411765 | I74: =SUM(J74:AJ74) -> 7 | J74: 0 | K74: 0 | L74: 0 | M74: 0 | N74: 0 | O74: 0 | P74: 0 | Q74: 1 | R74: 1 | S74: 1 | T74: 0 | U74: 0 | V74: 0 | W74: 0 | X74: 0 | Y74: 3 | Z74: 0 | AA74: 0 | AB74: 0 | AC74: 0 | AD74: 1 | AE74: 0 | AF74: 0 | AG74: 0 | AH74: 0 | AI74: 0 | AJ74: 0
A75: 46227 | B75: MDS1 | C75: 14BW60 | D75: 6601 | E75: 7 | F75: 1190 | G75: 0.9992 | H75: =1-I75/F75 -> 0.99915966 | I75: =SUM(J75:AJ75) -> 1 | J75: 0 | K75: 0 | L75: 0 | M75: 0 | N75: 0 | O75: 0 | P75: 0 | Q75: 0 | R75: 0 | S75: 0 | T75: 0 | U75: 1 | V75: 0 | W75: 0 | X75: 0 | Y75: 0 | Z75: 0 | AA75: 0 | AB75: 0 | AC75: 0 | AD75: 0 | AE75: 0 | AF75: 0 | AG75: 0 | AH75: 0 | AI75: 0 | AJ75: 0 | AK75: 46218
A76: 46227 | B76: MDS1 | C76: 14BW60 | D76: 6688 | E76: 7 | F76: 1190 | G76: 0.9983 | H76: =1-I76/F76 -> 0.99831933 | I76: =SUM(J76:AJ76) -> 2 | J76: 0 | K76: 0 | L76: 0 | M76: 0 | N76: 0 | O76: 0 | P76: 0 | Q76: 0 | R76: 1 | S76: 1 | T76: 0 | U76: 0 | V76: 0 | W76: 0 | X76: 0 | Y76: 0 | Z76: 0 | AA76: 0 | AB76: 0 | AC76: 0 | AD76: 0 | AE76: 0 | AF76: 0 | AG76: 0 | AH76: 0 | AI76: 0 | AJ76: 0 | AK76: 46227
A77: 46233 | B77: MDS1 | C77: 14BW60 | D77: 6494 | E77: 7 | F77: 1190 | G77: 1 | H77: =1-I77/F77 -> 1 | I77: =SUM(J77:AJ77) -> 0 | J77: 0 | K77: 0 | L77: 0 | M77: 0 | N77: 0 | O77: 0 | P77: 0 | Q77: 0 | R77: 0 | S77: 0 | T77: 0 | U77: 0 | V77: 0 | W77: 0 | X77: 0 | Y77: 0 | Z77: 0 | AA77: 0 | AB77: 0 | AC77: 0 | AD77: 0 | AE77: 0 | AF77: 0 | AG77: 0 | AH77: 0 | AI77: 0 | AJ77: 0 | AK77: 46230
A78: 46239 | B78: MDS1 | C78: 14BW60 | D78: 6905 | E78: 7 | F78: 1190 | G78: 1 | H78: =1-I78/F78 -> 1 | I78: =SUM(J78:AJ78) -> 0 | J78: 0 | K78: 0 | L78: 0 | M78: 0 | N78: 0 | O78: 0 | P78: 0 | Q78: 0 | R78: 0 | S78: 0 | T78: 0 | U78: 0 | V78: 0 | W78: 0 | X78: 0 | Y78: 0 | Z78: 0 | AA78: 0 | AB78: 0 | AC78: 0 | AD78: 0 | AE78: 0 | AF78: 0 | AG78: 0 | AH78: 0 | AI78: 0 | AJ78: 0 | AK78: 46238
A79: 46210 | B79: MDS1 | C79: 14BW60B001 | D79: 6581 | E79: 1 | F79: 170 | G79: 1 | H79: =1-I79/F79 -> 1 | I79: =SUM(J79:AJ79) -> 0 | J79: 0 | K79: 0 | L79: 0 | M79: 0 | N79: 0 | O79: 0 | P79: 0 | Q79: 0 | R79: 0 | S79: 0 | T79: 0 | U79: 0 | V79: 0 | W79: 0 | X79: 0 | Y79: 0 | Z79: 0 | AA79: 0 | AB79: 0 | AC79: 0 | AD79: 0 | AE79: 0 | AF79: 0 | AG79: 0 | AH79: 0 | AI79: 0 | AJ79: 0
A80: 46223 | B80: MDS1 | C80: 14BW60B001 | D80: 6601 | E80: 1 | F80: 170 | G80: 1 | H80: =1-I80/F80 -> 1 | I80: =SUM(J80:AJ80) -> 0 | J80: 0 | K80: 0 | L80: 0 | M80: 0 | N80: 0 | O80: 0 | P80: 0 | Q80: 0 | R80: 0 | S80: 0 | T80: 0 | U80: 0 | V80: 0 | W80: 0 | X80: 0 | Y80: 0 | Z80: 0 | AA80: 0 | AB80: 0 | AC80: 0 | AD80: 0 | AE80: 0 | AF80: 0 | AG80: 0 | AH80: 0 | AI80: 0 | AJ80: 0 | AK80: 46211
A81: 46223 | B81: MDS1 | C81: 14BW60B001 | D81: 6688 | E81: 1 | F81: 170 | G81: 1 | H81: =1-I81/F81 -> 1 | I81: =SUM(J81:AJ81) -> 0 | J81: 0 | K81: 0 | L81: 0 | M81: 0 | N81: 0 | O81: 0 | P81: 0 | Q81: 0 | R81: 0 | S81: 0 | T81: 0 | U81: 0 | V81: 0 | W81: 0 | X81: 0 | Y81: 0 | Z81: 0 | AA81: 0 | AB81: 0 | AC81: 0 | AD81: 0 | AE81: 0 | AF81: 0 | AG81: 0 | AH81: 0 | AI81: 0 | AJ81: 0 | AK81: 46221
A82: 46230 | B82: MDS1 | C82: 14BW60B001 | D82: 6494 | E82: 1 | F82: 170 | G82: 0.9941 | H82: =1-I82/F82 -> 0.99411765 | I82: =SUM(J82:AJ82) -> 1 | J82: 0 | K82: 0 | L82: 0 | M82: 0 | N82: 0 | O82: 0 | P82: 0 | Q82: 0 | R82: 0 | S82: 0 | T82: 0 | U82: 1 | V82: 0 | W82: 0 | X82: 0 | Y82: 0 | Z82: 0 | AA82: 0 | AB82: 0 | AC82: 0 | AD82: 0 | AE82: 0 | AF82: 0 | AG82: 0 | AH82: 0 | AI82: 0 | AJ82: 0 | AK82: 46224
A83: 46230 | B83: MDS1 | C83: 14BW60B001 | D83: 6905 | E83: 1 | F83: 170 | G83: 1 | H83: =1-I83/F83 -> 1 | I83: =SUM(J83:AJ83) -> 0 | J83: 0 | K83: 0 | L83: 0 | M83: 0 | N83: 0 | O83: 0 | P83: 0 | Q83: 0 | R83: 0 | S83: 0 | T83: 0 | U83: 0 | V83: 0 | W83: 0 | X83: 0 | Y83: 0 | Z83: 0 | AA83: 0 | AB83: 0 | AC83: 0 | AD83: 0 | AE83: 0 | AF83: 0 | AG83: 0 | AH83: 0 | AI83: 0 | AJ83: 0 | AK83: 46229
A84: 46216 | B84: MDS1 | C84: 14BW61 | D84: 6366 | E84: 11 | F84: 1870 | G84: 0.9979 | H84: =1-I84/F84 -> 0.99786096 | I84: =SUM(J84:AJ84) -> 4 | J84: 0 | K84: 0 | L84: 0 | M84: 0 | N84: 0 | O84: 0 | P84: 0 | Q84: 0 | R84: 0 | S84: 0 | T84: 0 | U84: 0 | V84: 0 | W84: 0 | X84: 0 | Y84: 0 | Z84: 0 | AA84: 0 | AB84: 0 | AC84: 0 | AD84: 0 | AE84: 2 | AF84: 1 | AG84: 0 | AH84: 1 | AI84: 0 | AJ84: 0 | AL84: F70*4 waive
A85: 46223 | B85: MDS1 | C85: 14BW61 | D85: 6446 | E85: 7 | F85: 1190 | G85: 1 | H85: =1-I85/F85 -> 1 | I85: =SUM(J85:AJ85) -> 0 | J85: 0 | K85: 0 | L85: 0 | M85: 0 | N85: 0 | O85: 0 | P85: 0 | Q85: 0 | R85: 0 | S85: 0 | T85: 0 | U85: 0 | V85: 0 | W85: 0 | X85: 0 | Y85: 0 | Z85: 0 | AA85: 0 | AB85: 0 | AC85: 0 | AD85: 0 | AE85: 0 | AF85: 0 | AG85: 0 | AH85: 0 | AI85: 0 | AJ85: 0
A86: 46231 | B86: MDS1 | C86: 14BW61 | D86: 6581 | E86: 11 | F86: 1870 | G86: 0.9995 | H86: =1-I86/F86 -> 0.99946524 | I86: =SUM(J86:AJ86) -> 1 | J86: 0 | K86: 0 | L86: 0 | M86: 0 | N86: 0 | O86: 0 | P86: 0 | Q86: 0 | R86: 0 | S86: 0 | T86: 0 | U86: 1 | V86: 0 | W86: 0 | X86: 0 | Y86: 0 | Z86: 0 | AA86: 0 | AB86: 0 | AC86: 0 | AD86: 0 | AE86: 0 | AF86: 0 | AG86: 0 | AH86: 0 | AI86: 0 | AJ86: 0 | AK86: 46227
A87: 46240 | B87: MDS1 | C87: 14BW61 | D87: 6601 | E87: 11 | F87: 1870 | G87: 0.9995 | H87: =1-I87/F87 -> 0.99946524 | I87: =SUM(J87:AJ87) -> 1 | J87: 0 | K87: 0 | L87: 0 | M87: 0 | N87: 0 | O87: 0 | P87: 0 | Q87: 0 | R87: 0 | S87: 0 | T87: 0 | U87: 1 | V87: 0 | W87: 0 | X87: 0 | Y87: 0 | Z87: 0 | AA87: 0 | AB87: 0 | AC87: 0 | AD87: 0 | AE87: 0 | AF87: 0 | AG87: 0 | AH87: 0 | AI87: 0 | AJ87: 0 | AK87: 46235
A88: 46240 | B88: MDS1 | C88: 14BW61 | D88: 6688 | E88: 11 | F88: 1870 | G88: 0.9979 | H88: =1-I88/F88 -> 0.99786096 | I88: =SUM(J88:AJ88) -> 4 | J88: 0 | K88: 0 | L88: 0 | M88: 0 | N88: 0 | O88: 0 | P88: 0 | Q88: 0 | R88: 3 | S88: 0 | T88: 0 | U88: 0 | V88: 0 | W88: 1 | X88: 0 | Y88: 0 | Z88: 0 | AA88: 0 | AB88: 0 | AC88: 0 | AD88: 0 | AE88: 0 | AF88: 0 | AG88: 0 | AH88: 0 | AI88: 0 | AJ88: 0 | AK88: 46239
A89: 46254 | B89: MDS1 | C89: 14BW61 | D89: 6494 | E89: 11 | F89: 1870 | G89: 1 | H89: =1-I89/F89 -> 1 | I89: =SUM(J89:AJ89) -> 0 | J89: 0 | K89: 0 | L89: 0 | M89: 0 | N89: 0 | O89: 0 | P89: 0 | Q89: 0 | R89: 0 | S89: 0 | T89: 0 | U89: 0 | V89: 0 | W89: 0 | X89: 0 | Y89: 0 | Z89: 0 | AA89: 0 | AB89: 0 | AC89: 0 | AD89: 0 | AE89: 0 | AF89: 0 | AG89: 0 | AH89: 0 | AI89: 0 | AJ89: 0 | AK89: 46244
A90: 46254 | B90: MDS1 | C90: 14BW61 | D90: 6905 | E90: 11 | F90: 1870 | G90: 0.9989 | H90: =1-I90/F90 -> 0.99893048 | I90: =SUM(J90:AJ90) -> 2 | J90: 0 | K90: 1 | L90: 0 | M90: 0 | N90: 0 | O90: 0 | P90: 0 | Q90: 0 | R90: 1 | S90: 0 | T90: 0 | U90: 0 | V90: 0 | W90: 0 | X90: 0 | Y90: 0 | Z90: 0 | AA90: 0 | AB90: 0 | AC90: 0 | AD90: 0 | AE90: 0 | AF90: 0 | AG90: 0 | AH90: 0 | AI90: 0 | AJ90: 0 | AK90: 46253
A91: 46218 | B91: MDS1 | C91: 14BW61B001 | D91: 6366 | E91: 1 | F91: 170 | G91: 1 | H91: =1-I91/F91 -> 1 | I91: =SUM(J91:AJ91) -> 0 | J91: 0 | K91: 0 | L91: 0 | M91: 0 | N91: 0 | O91: 0 | P91: 0 | Q91: 0 | R91: 0 | S91: 0 | T91: 0 | U91: 0 | V91: 0 | W91: 0 | X91: 0 | Y91: 0 | Z91: 0 | AA91: 0 | AB91: 0 | AC91: 0 | AD91: 0 | AE91: 0 | AF91: 0 | AG91: 0 | AH91: 0 | AI91: 0 | AJ91: 0
A92: 46225 | B92: MDS1 | C92: 14BW61B001 | D92: 6446 | E92: 1 | F92: 170 | G92: 0.98823529 | H92: =1-I92/F92 -> 0.98823529 | I92: =SUM(J92:AJ92) -> 2 | J92: 0 | K92: 0 | L92: 0 | M92: 0 | N92: 0 | O92: 0 | P92: 0 | Q92: 0 | R92: 0 | S92: 0 | T92: 0 | U92: 0 | V92: 0 | W92: 0 | X92: 0 | Y92: 0 | Z92: 0 | AA92: 0 | AB92: 0 | AC92: 0 | AD92: 2 | AE92: 0 | AF92: 0 | AG92: 0 | AH92: 0 | AI92: 0 | AJ92: 0 | AK92: 46224
A93: 46231 | B93: MDS1 | C93: 14BW61B001 | D93: 6581 | E93: 1 | F93: 170 | G93: 0.9941 | H93: =1-I93/F93 -> 0.99411765 | I93: =SUM(J93:AJ93) -> 1 | J93: 0 | K93: 0 | L93: 0 | M93: 0 | N93: 0 | O93: 0 | P93: 0 | Q93: 0 | R93: 0 | S93: 0 | T93: 0 | U93: 1 | V93: 0 | W93: 0 | X93: 0 | Y93: 0 | Z93: 0 | AA93: 0 | AB93: 0 | AC93: 0 | AD93: 0 | AE93: 0 | AF93: 0 | AG93: 0 | AH93: 0 | AI93: 0 | AJ93: 0 | AK93: 46228
A94: 46237 | B94: MDS1 | C94: 14BW61B001 | D94: 6601 | E94: 1 | F94: 170 | G94: 0.9941 | H94: =1-I94/F94 -> 0.99411765 | I94: =SUM(J94:AJ94) -> 1 | J94: 0 | K94: 0 | L94: 0 | M94: 0 | N94: 0 | O94: 0 | P94: 0 | Q94: 0 | R94: 0 | S94: 0 | T94: 0 | U94: 1 | V94: 0 | W94: 0 | X94: 0 | Y94: 0 | Z94: 0 | AA94: 0 | AB94: 0 | AC94: 0 | AD94: 0 | AE94: 0 | AF94: 0 | AG94: 0 | AH94: 0 | AI94: 0 | AJ94: 0 | AK94: 46232
A95: 46237 | B95: MDS1 | C95: 14BW61B001 | D95: 6688 | E95: 1 | F95: 170 | G95: 1 | H95: =1-I95/F95 -> 1 | I95: =SUM(J95:AJ95) -> 0 | J95: 0 | K95: 0 | L95: 0 | M95: 0 | N95: 0 | O95: 0 | P95: 0 | Q95: 0 | R95: 0 | S95: 0 | T95: 0 | U95: 0 | V95: 0 | W95: 0 | X95: 0 | Y95: 0 | Z95: 0 | AA95: 0 | AB95: 0 | AC95: 0 | AD95: 0 | AE95: 0 | AF95: 0 | AG95: 0 | AH95: 0 | AI95: 0 | AJ95: 0 | AK95: 46237
A96: 46255 | B96: MDS1 | C96: 14BW61B001 | D96: 6494 | E96: 1 | F96: 170 | G96: 1 | H96: =1-I96/F96 -> 1 | I96: =SUM(J96:AJ96) -> 0 | J96: 0 | K96: 0 | L96: 0 | M96: 0 | N96: 0 | O96: 0 | P96: 0 | Q96: 0 | R96: 0 | S96: 0 | T96: 0 | U96: 0 | V96: 0 | W96: 0 | X96: 0 | Y96: 0 | Z96: 0 | AA96: 0 | AB96: 0 | AC96: 0 | AD96: 0 | AE96: 0 | AF96: 0 | AG96: 0 | AH96: 0 | AI96: 0 | AJ96: 0 | AK96: 46246
A97: 46258 | B97: MDS1 | C97: 14BW61B001 | D97: 6905 | E97: 1 | F97: 170 | G97: 1 | H97: =1-I97/F97 -> 1 | I97: =SUM(J97:AJ97) -> 0 | J97: 0 | K97: 0 | L97: 0 | M97: 0 | N97: 0 | O97: 0 | P97: 0 | Q97: 0 | R97: 0 | S97: 0 | T97: 0 | U97: 0 | V97: 0 | W97: 0 | X97: 0 | Y97: 0 | Z97: 0 | AA97: 0 | AB97: 0 | AC97: 0 | AD97: 0 | AE97: 0 | AF97: 0 | AG97: 0 | AH97: 0 | AI97: 0 | AJ97: 0 | AK97: 46255
A98: 46223 | B98: MDS1 | C98: 14BW61B002 | D98: 6446 | E98: 4 | F98: 680 | G98: 0.99852941 | H98: =1-I98/F98 -> 0.99852941 | I98: =SUM(J98:AJ98) -> 1 | J98: 0 | K98: 0 | L98: 0 | M98: 0 | N98: 0 | O98: 0 | P98: 0 | Q98: 0 | R98: 0 | S98: 0 | T98: 0 | U98: 0 | V98: 0 | W98: 0 | X98: 0 | Y98: 0 | Z98: 0 | AA98: 0 | AB98: 0 | AC98: 1 | AD98: 0 | AE98: 0 | AF98: 0 | AG98: 0 | AH98: 0 | AI98: 0 | AJ98: 0
A99: 46210 | B99: MDS1 | C99: 14BW62 | D99: 6366 | E99: 12 | F99: 2040 | G99: 0.9995098 | H99: =1-I99/F99 -> 0.9995098 | I99: =SUM(J99:AJ99) -> 1 | J99: 0 | K99: 0 | L99: 0 | M99: 0 | N99: 0 | O99: 0 | P99: 0 | Q99: 0 | R99: 0 | S99: 0 | T99: 0 | U99: 0 | V99: 0 | W99: 0 | X99: 0 | Y99: 0 | Z99: 0 | AA99: 0 | AB99: 0 | AC99: 0 | AD99: 0 | AE99: 1 | AF99: 0 | AG99: 0 | AH99: 0 | AI99: 0 | AJ99: 0
A100: 46217 | B100: MDS1 | C100: 14BW62 | D100: 6446 | E100: 7 | F100: 1190 | G100: 1 | H100: =1-I100/F100 -> 1 | I100: =SUM(J100:AJ100) -> 0 | J100: 0 | K100: 0 | L100: 0 | M100: 0 | N100: 0 | O100: 0 | P100: 0 | Q100: 0 | R100: 0 | S100: 0 | T100: 0 | U100: 0 | V100: 0 | W100: 0 | X100: 0 | Y100: 0 | Z100: 0 | AA100: 0 | AB100: 0 | AC100: 0 | AD100: 0 | AE100: 0 | AF100: 0 | AG100: 0 | AH100: 0 | AI100: 0 | AJ100: 0
...

Sheet lot Single yield analysis
A1: Week | B1: Date | C1: Device | D1: Lot | E1: Team | F1: Qty | G1: Die | H1: yield | I1: All Defect | J1: Particle lost | K1: F18 | L1: Wait Check | M1: PI Coat | N1: PI Cure | O1: PR Coat | P1: PR Exp | Q1: Sput | R1: Etch | S1: Final | T1: Recon | U1: FOUP | V1: F01 | W1: F02 | X1: F03 | Y1: F04 | Z1: F05 | AA1: F07 | AB1: F08 | AC1: F12 | AD1: F13 | AE1: F15 | AF1: F16 | AG1: F17 | AH1: F20 | AI1: Cu-S Abnormal | AJ1: Small Via | AK1: Glass particle | AL1: F21 | AM1: F22 | AN1: F23 | AO1: F24 | AP1: F27 | AQ1: F30 | AR1: F61 | AS1: F65 | AT1: F68 | AU1: F69 | AV1: F70 | AW1: F71 | AX1: F72 | AY1: F74 | AZ1: F77 | BA1: Others | BB1: Data date | BC1: 備註
B2: 46009 | C2: Weisshorn | D2: 04BW4SB004 | E2: 6446 | F2: 4 | G2: =F2*21 -> 84 | H2: =1-I2/G2 -> 0.97619048 | I2: =SUM(L2:BA2) -> 2 | J2: =K2/G2 -> 0 | K2: =SUM(L2:U2) -> 0 | L2: 0 | M2: 0 | N2: 0 | O2: 0 | P2: 0 | Q2: 0 | R2: 0 | S2: 0 | T2: 0 | U2: 0 | V2: 0 | W2: 0 | X2: 0 | Y2: 0 | Z2: 0 | AA2: 0 | AB2: 0 | AC2: 0 | AD2: 0 | AE2: 0 | AF2: 0 | AG2: 0 | AH2: 0 | AI2: 0 | AJ2: 0 | AK2: 0 | AL2: 0 | AM2: 0 | AN2: 0 | AO2: 0 | AP2: 0 | AQ2: 0 | AR2: 0 | AS2: 0 | AT2: 2 | AU2: 0 | AV2: 0 | AW2: 0 | AX2: 0 | AY2: 0 | AZ2: 0 | BA2: 0
B3: 46009 | C3: Weisshorn | D3: 46BW9S | E3: 6446 | F3: 13 | G3: =F3*21 -> 273 | H3: =1-I3/G3 -> 0.98168498 | I3: =SUM(L3:BA3) -> 5 | J3: =K3/G3 -> 0 | K3: =SUM(L3:U3) -> 0 | L3: 0 | M3: 0 | N3: 0 | O3: 0 | P3: 0 | Q3: 0 | R3: 0 | S3: 0 | T3: 0 | U3: 0 | V3: 0 | W3: 0 | X3: 0 | Y3: 0 | Z3: 2 | AA3: 0 | AB3: 0 | AC3: 0 | AD3: 0 | AE3: 0 | AF3: 0 | AG3: 0 | AH3: 0 | AI3: 3 | AJ3: 0 | AK3: 0 | AL3: 0 | AM3: 0 | AN3: 0 | AO3: 0 | AP3: 0 | AQ3: 0 | AR3: 0 | AS3: 0 | AT3: 0 | AU3: 0 | AV3: 0 | AW3: 0 | AX3: 0 | AY3: 0 | AZ3: 0 | BA3: 0
B4: 46009 | C4: Weisshorn | D4: 46BW9S | E4: 6581 | F4: 3 | G4: =F4*21 -> 63 | H4: =1-I4/G4 -> 0.9047619 | I4: =SUM(L4:BA4) -> 6 | J4: =K4/G4 -> 0.079365079 | K4: =SUM(L4:U4) -> 5 | L4: 0 | M4: 1 | N4: 0 | O4: 0 | P4: 0 | Q4: 3 | R4: 0 | S4: 0 | T4: 1 | U4: 0 | V4: 0 | W4: 0 | X4: 0 | Y4: 0 | Z4: 0 | AA4: 0 | AB4: 0 | AC4: 0 | AD4: 1 | AE4: 0 | AF4: 0 | AG4: 0 | AH4: 0 | AI4: 0 | AJ4: 0 | AK4: 0 | AL4: 0 | AM4: 0 | AN4: 0 | AO4: 0 | AP4: 0 | AQ4: 0 | AR4: 0 | AS4: 0 | AT4: 0 | AU4: 0 | AV4: 0 | AW4: 0 | AX4: 0 | AY4: 0 | AZ4: 0 | BA4: 0
B5: 46009 | C5: Weisshorn | D5: 46BW9S | E5: 6601 | F5: 3 | G5: =F5*21 -> 63 | H5: =1-I5/G5 -> 0.98412698 | I5: =SUM(L5:BA5) -> 1 | J5: =K5/G5 -> 0.015873016 | K5: =SUM(L5:U5) -> 1 | L5: 0 | M5: 1 | N5: 0 | O5: 0 | P5: 0 | Q5: 0 | R5: 0 | S5: 0 | T5: 0 | U5: 0 | V5: 0 | W5: 0 | X5: 0 | Y5: 0 | Z5: 0 | AA5: 0 | AB5: 0 | AC5: 0 | AD5: 0 | AE5: 0 | AF5: 0 | AG5: 0 | AH5: 0 | AI5: 0 | AJ5: 0 | AK5: 0 | AL5: 0 | AM5: 0 | AN5: 0 | AO5: 0 | AP5: 0 | AQ5: 0 | AR5: 0 | AS5: 0 | AT5: 0 | AU5: 0 | AV5: 0 | AW5: 0 | AX5: 0 | AY5: 0 | AZ5: 0 | BA5: 0
B6: 46009 | C6: Weisshorn | D6: 46BW9SB002 | E6: 6581 | F6: 1 | G6: =F6*21 -> 21 | H6: =1-I6/G6 -> 0.95238095 | I6: =SUM(L6:BA6) -> 1 | J6: =K6/G6 -> 0.047619048 | K6: =SUM(L6:U6) -> 1 | L6: 0 | M6: 0 | N6: 0 | O6: 0 | P6: 0 | Q6: 1 | R6: 0 | S6: 0 | T6: 0 | U6: 0 | V6: 0 | W6: 0 | X6: 0 | Y6: 0 | Z6: 0 | AA6: 0 | AB6: 0 | AC6: 0 | AD6: 0 | AE6: 0 | AF6: 0 | AG6: 0 | AH6: 0 | AI6: 0 | AJ6: 0 | AK6: 0 | AL6: 0 | AM6: 0 | AN6: 0 | AO6: 0 | AP6: 0 | AQ6: 0 | AR6: 0 | AS6: 0 | AT6: 0 | AU6: 0 | AV6: 0 | AW6: 0 | AX6: 0 | AY6: 0 | AZ6: 0 | BA6: 0
B7: 46009 | C7: Weisshorn | D7: 46BW9SB002 | E7: 6601 | F7: 1 | G7: =F7*21 -> 21 | H7: =1-I7/G7 -> 1 | I7: =SUM(L7:BA7) -> 0 | J7: =K7/G7 -> 0 | K7: =SUM(L7:U7) -> 0 | L7: 0 | M7: 0 | N7: 0 | O7: 0 | P7: 0 | Q7: 0 | R7: 0 | S7: 0 | T7: 0 | U7: 0 | V7: 0 | W7: 0 | X7: 0 | Y7: 0 | Z7: 0 | AA7: 0 | AB7: 0 | AC7: 0 | AD7: 0 | AE7: 0 | AF7: 0 | AG7: 0 | AH7: 0 | AI7: 0 | AJ7: 0 | AK7: 0 | AL7: 0 | AM7: 0 | AN7: 0 | AO7: 0 | AP7: 0 | AQ7: 0 | AR7: 0 | AS7: 0 | AT7: 0 | AU7: 0 | AV7: 0 | AW7: 0 | AX7: 0 | AY7: 0 | AZ7: 0 | BA7: 0
B8: 46009 | C8: Weisshorn | D8: 46BW9T | E8: 6446 | F8: 13 | G8: =F8*21 -> 273 | H8: =1-I8/G8 -> 0.98534799 | I8: =SUM(L8:BA8) -> 4 | J8: =K8/G8 -> 0 | K8: =SUM(L8:U8) -> 0 | L8: 0 | M8: 0 | N8: 0 | O8: 0 | P8: 0 | Q8: 0 | R8: 0 | S8: 0 | T8: 0 | U8: 0 | V8: 0 | W8: 0 | X8: 0 | Y8: 0 | Z8: 4 | AA8: 0 | AB8: 0 | AC8: 0 | AD8: 0 | AE8: 0 | AF8: 0 | AG8: 0 | AH8: 0 | AI8: 0 | AJ8: 0 | AK8: 0 | AL8: 0 | AM8: 0 | AN8: 0 | AO8: 0 | AP8: 0 | AQ8: 0 | AR8: 0 | AS8: 0 | AT8: 0 | AU8: 0 | AV8: 0 | AW8: 0 | AX8: 0 | AY8: 0 | AZ8: 0 | BA8: 0
B9: 46009 | C9: Weisshorn | D9: 46BW9T | E9: 6581 | F9: 13 | G9: =F9*21 -> 273 | H9: =1-I9/G9 -> 0.996337 | I9: =SUM(L9:BA9) -> 1 | J9: =K9/G9 -> 0 | K9: =SUM(L9:U9) -> 0 | L9: 0 | M9: 0 | N9: 0 | O9: 0 | P9: 0 | Q9: 0 | R9: 0 | S9: 0 | T9: 0 | U9: 0 | V9: 0 | W9: 0 | X9: 0 | Y9: 0 | Z9: 0 | AA9: 0 | AB9: 0 | AC9: 0 | AD9: 0 | AE9: 0 | AF9: 0 | AG9: 0 | AH9: 0 | AI9: 0 | AJ9: 0 | AK9: 0 | AL9: 0 | AM9: 0 | AN9: 0 | AO9: 0 | AP9: 1 | AQ9: 0 | AR9: 0 | AS9: 0 | AT9: 0 | AU9: 0 | AV9: 0 | AW9: 0 | AX9: 0 | AY9: 0 | AZ9: 0 | BA9: 0
B10: 46009 | C10: Weisshorn | D10: 46BW9T | E10: 6601 | F10: 13 | G10: =F10*21 -> 273 | H10: =1-I10/G10 -> 0.996337 | I10: =SUM(L10:BA10) -> 1 | J10: =K10/G10 -> 0.0036630037 | K10: =SUM(L10:U10) -> 1 | L10: 0 | M10: 1 | N10: 0 | O10: 0 | P10: 0 | Q10: 0 | R10: 0 | S10: 0 | T10: 0 | U10: 0 | V10: 0 | W10: 0 | X10: 0 | Y10: 0 | Z10: 0 | AA10: 0 | AB10: 0 | AC10: 0 | AD10: 0 | AE10: 0 | AF10: 0 | AG10: 0 | AH10: 0 | AI10: 0 | AJ10: 0 | AK10: 0 | AL10: 0 | AM10: 0 | AN10: 0 | AO10: 0 | AP10: 0 | AQ10: 0 | AR10: 0 | AS10: 0 | AT10: 0 | AU10: 0 | AV10: 0 | AW10: 0 | AX10: 0 | AY10: 0 | AZ10: 0 | BA10: 0
B11: 46009 | C11: Weisshorn | D11: 46BW9U | E11: 6446 | F11: 13 | G11: =F11*21 -> 273 | H11: =1-I11/G11 -> 0.95604396 | I11: =SUM(L11:BA11) -> 12 | J11: =K11/G11 -> 0.0036630037 | K11: =SUM(L11:U11) -> 1 | L11: 0 | M11: 1 | N11: 0 | O11: 0 | P11: 0 | Q11: 0 | R11: 0 | S11: 0 | T11: 0 | U11: 0 | V11: 0 | W11: 0 | X11: 0 | Y11: 0 | Z11: 11 | AA11: 0 | AB11: 0 | AC11: 0 | AD11: 0 | AE11: 0 | AF11: 0 | AG11: 0 | AH11: 0 | AI11: 0 | AJ11: 0 | AK11: 0 | AL11: 0 | AM11: 0 | AN11: 0 | AO11: 0 | AP11: 0 | AQ11: 0 | AR11: 0 | AS11: 0 | AT11: 0 | AU11: 0 | AV11: 0 | AW11: 0 | AX11: 0 | AY11: 0 | AZ11: 0 | BA11: 0
B12: 46009 | C12: Weisshorn | D12: 46BW9U | E12: 6581 | F12: 13 | G12: =F12*21 -> 273 | H12: =1-I12/G12 -> 0.98168498 | I12: =SUM(L12:BA12) -> 5 | J12: =K12/G12 -> 0.018315018 | K12: =SUM(L12:U12) -> 5 | L12: 0 | M12: 1 | N12: 0 | O12: 0 | P12: 2 | Q12: 2 | R12: 0 | S12: 0 | T12: 0 | U12: 0 | V12: 0 | W12: 0 | X12: 0 | Y12: 0 | Z12: 0 | AA12: 0 | AB12: 0 | AC12: 0 | AD12: 0 | AE12: 0 | AF12: 0 | AG12: 0 | AH12: 0 | AI12: 0 | AJ12: 0 | AK12: 0 | AL12: 0 | AM12: 0 | AN12: 0 | AO12: 0 | AP12: 0 | AQ12: 0 | AR12: 0 | AS12: 0 | AT12: 0 | AU12: 0 | AV12: 0 | AW12: 0 | AX12: 0 | AY12: 0 | AZ12: 0 | BA12: 0
B13: 46009 | C13: Weisshorn | D13: 46BW9U | E13: 6601 | F13: 13 | G13: =F13*21 -> 273 | H13: =1-I13/G13 -> 0.98534799 | I13: =SUM(L13:BA13) -> 4 | J13: =K13/G13 -> 0.014652015 | K13: =SUM(L13:U13) -> 4 | L13: 0 | M13: 0 | N13: 0 | O13: 0 | P13: 0 | Q13: 3 | R13: 0 | S13: 1 | T13: 0 | U13: 0 | V13: 0 | W13: 0 | X13: 0 | Y13: 0 | Z13: 0 | AA13: 0 | AB13: 0 | AC13: 0 | AD13: 0 | AE13: 0 | AF13: 0 | AG13: 0 | AH13: 0 | AI13: 0 | AJ13: 0 | AK13: 0 | AL13: 0 | AM13: 0 | AN13: 0 | AO13: 0 | AP13: 0 | AQ13: 0 | AR13: 0 | AS13: 0 | AT13: 0 | AU13: 0 | AV13: 0 | AW13: 0 | AX13: 0 | AY13: 0 | AZ13: 0 | BA13: 0
A14: W52 | B14: 46013 | C14: Weisshorn | D14: 04BW4SB004 | E14: 6601 | F14: 4 | G14: =F14*21 -> 84 | H14: =1-I14/G14 -> 1 | I14: =SUM(L14:BA14) -> 0 | J14: =K14/G14 -> 0 | K14: =SUM(L14:U14) -> 0 | L14: 0 | M14: 0 | N14: 0 | O14: 0 | P14: 0 | Q14: 0 | R14: 0 | S14: 0 | T14: 0 | U14: 0 | V14: 0 | W14: 0 | X14: 0 | Y14: 0 | Z14: 0 | AA14: 0 | AB14: 0 | AC14: 0 | AD14: 0 | AE14: 0 | AF14: 0 | AG14: 0 | AH14: 0 | AI14: 0 | AJ14: 0 | AK14: 0 | AL14: 0 | AM14: 0 | AN14: 0 | AO14: 0 | AP14: 0 | AQ14: 0 | AR14: 0 | AS14: 0 | AT14: 0 | AU14: 0 | AV14: 0 | AW14: 0 | AX14: 0 | AY14: 0 | AZ14: 0 | BA14: 0
B15: 46013 | C15: Weisshorn | D15: 04BW4SB004 | E15: 6688 | F15: 4 | G15: =F15*21 -> 84 | H15: =1-I15/G15 -> 1 | I15: =SUM(L15:BA15) -> 0 | J15: =K15/G15 -> 0 | K15: =SUM(L15:U15) -> 0 | L15: 0 | M15: 0 | N15: 0 | O15: 0 | P15: 0 | Q15: 0 | R15: 0 | S15: 0 | T15: 0 | U15: 0 | V15: 0 | W15: 0 | X15: 0 | Y15: 0 | Z15: 0 | AA15: 0 | AB15: 0 | AC15: 0 | AD15: 0 | AE15: 0 | AF15: 0 | AG15: 0 | AH15: 0 | AI15: 0 | AJ15: 0 | AK15: 0 | AL15: 0 | AM15: 0 | AN15: 0 | AO15: 0 | AP15: 0 | AQ15: 0 | AR15: 0 | AS15: 0 | AT15: 0 | AU15: 0 | AV15: 0 | AW15: 0 | AX15: 0 | AY15: 0 | AZ15: 0 | BA15: 0
B16: 46013 | C16: Weisshorn | D16: 04BW4SB004 | E16: 6494 | F16: 4 | G16: =F16*21 -> 84 | H16: =1-I16/G16 -> 1 | I16: =SUM(L16:BA16) -> 0 | J16: =K16/G16 -> 0 | K16: =SUM(L16:U16) -> 0 | L16: 0 | M16: 0 | N16: 0 | O16: 0 | P16: 0 | Q16: 0 | R16: 0 | S16: 0 | T16: 0 | U16: 0 | V16: 0 | W16: 0 | X16: 0 | Y16: 0 | Z16: 0 | AA16: 0 | AB16: 0 | AC16: 0 | AD16: 0 | AE16: 0 | AF16: 0 | AG16: 0 | AH16: 0 | AI16: 0 | AJ16: 0 | AK16: 0 | AL16: 0 | AM16: 0 | AN16: 0 | AO16: 0 | AP16: 0 | AQ16: 0 | AR16: 0 | AS16: 0 | AT16: 0 | AU16: 0 | AV16: 0 | AW16: 0 | AX16: 0 | AY16: 0 | AZ16: 0 | BA16: 0
B17: 46013 | C17: Weisshorn | D17: 04BW4SB004 | E17: 6905 | F17: 4 | G17: =F17*21 -> 84 | H17: =1-I17/G17 -> 1 | I17: =SUM(L17:BA17) -> 0 | J17: =K17/G17 -> 0 | K17: =SUM(L17:U17) -> 0 | L17: 0 | M17: 0 | N17: 0 | O17: 0 | P17: 0 | Q17: 0 | R17: 0 | S17: 0 | T17: 0 | U17: 0 | V17: 0 | W17: 0 | X17: 0 | Y17: 0 | Z17: 0 | AA17: 0 | AB17: 0 | AC17: 0 | AD17: 0 | AE17: 0 | AF17: 0 | AG17: 0 | AH17: 0 | AI17: 0 | AJ17: 0 | AK17: 0 | AL17: 0 | AM17: 0 | AN17: 0 | AO17: 0 | AP17: 0 | AQ17: 0 | AR17: 0 | AS17: 0 | AT17: 0 | AU17: 0 | AV17: 0 | AW17: 0 | AX17: 0 | AY17: 0 | AZ17: 0 | BA17: 0
B18: 46013 | C18: Weisshorn | D18: 46BW9S | E18: 6688 | F18: 2 | G18: =F18*21 -> 42 | H18: =1-I18/G18 -> 1 | I18: =SUM(L18:BA18) -> 0 | J18: =K18/G18 -> 0 | K18: =SUM(L18:U18) -> 0 | L18: 0 | M18: 0 | N18: 0 | O18: 0 | P18: 0 | Q18: 0 | R18: 0 | S18: 0 | T18: 0 | U18: 0 | V18: 0 | W18: 0 | X18: 0 | Y18: 0 | Z18: 0 | AA18: 0 | AB18: 0 | AC18: 0 | AD18: 0 | AE18: 0 | AF18: 0 | AG18: 0 | AH18: 0 | AI18: 0 | AJ18: 0 | AK18: 0 | AL18: 0 | AM18: 0 | AN18: 0 | AO18: 0 | AP18: 0 | AQ18: 0 | AR18: 0 | AS18: 0 | AT18: 0 | AU18: 0 | AV18: 0 | AW18: 0 | AX18: 0 | AY18: 0 | AZ18: 0 | BA18: 0
B19: 46013 | C19: Weisshorn | D19: 46BW9SB002 | E19: 6688 | F19: 1 | G19: =F19*21 -> 21 | H19: =1-I19/G19 -> 1 | I19: =SUM(L19:BA19) -> 0 | J19: =K19/G19 -> 0 | K19: =SUM(L19:U19) -> 0 | L19: 0 | M19: 0 | N19: 0 | O19: 0 | P19: 0 | Q19: 0 | R19: 0 | S19: 0 | T19: 0 | U19: 0 | V19: 0 | W19: 0 | X19: 0 | Y19: 0 | Z19: 0 | AA19: 0 | AB19: 0 | AC19: 0 | AD19: 0 | AE19: 0 | AF19: 0 | AG19: 0 | AH19: 0 | AI19: 0 | AJ19: 0 | AK19: 0 | AL19: 0 | AM19: 0 | AN19: 0 | AO19: 0 | AP19: 0 | AQ19: 0 | AR19: 0 | AS19: 0 | AT19: 0 | AU19: 0 | AV19: 0 | AW19: 0 | AX19: 0 | AY19: 0 | AZ19: 0 | BA19: 0
B20: 46013 | C20: Weisshorn | D20: 46BW9SB003 | E20: 6581 | F20: 4 | G20: =F20*21 -> 84 | H20: =1-I20/G20 -> 0.97619048 | I20: =SUM(L20:BA20) -> 2 | J20: =K20/G20 -> 0 | K20: =SUM(L20:U20) -> 0 | L20: 0 | M20: 0 | N20: 0 | O20: 0 | P20: 0 | Q20: 0 | R20: 0 | S20: 0 | T20: 0 | U20: 0 | V20: 0 | W20: 0 | X20: 0 | Y20: 0 | Z20: 0 | AA20: 0 | AB20: 0 | AC20: 0 | AD20: 1 | AE20: 0 | AF20: 0 | AG20: 0 | AH20: 0 | AI20: 1 | AJ20: 0 | AK20: 0 | AL20: 0 | AM20: 0 | AN20: 0 | AO20: 0 | AP20: 0 | AQ20: 0 | AR20: 0 | AS20: 0 | AT20: 0 | AU20: 0 | AV20: 0 | AW20: 0 | AX20: 0 | AY20: 0 | AZ20: 0 | BA20: 0
B21: 46013 | C21: Weisshorn | D21: 46BW9SB003 | E21: 6601 | F21: 4 | G21: =F21*21 -> 84 | H21: =1-I21/G21 -> 1 | I21: =SUM(L21:BA21) -> 0 | J21: =K21/G21 -> 0 | K21: =SUM(L21:U21) -> 0 | L21: 0 | M21: 0 | N21: 0 | O21: 0 | P21: 0 | Q21: 0 | R21: 0 | S21: 0 | T21: 0 | U21: 0 | V21: 0 | W21: 0 | X21: 0 | Y21: 0 | Z21: 0 | AA21: 0 | AB21: 0 | AC21: 0 | AD21: 0 | AE21: 0 | AF21: 0 | AG21: 0 | AH21: 0 | AI21: 0 | AJ21: 0 | AK21: 0 | AL21: 0 | AM21: 0 | AN21: 0 | AO21: 0 | AP21: 0 | AQ21: 0 | AR21: 0 | AS21: 0 | AT21: 0 | AU21: 0 | AV21: 0 | AW21: 0 | AX21: 0 | AY21: 0 | AZ21: 0 | BA21: 0
B22: 46014 | C22: Weisshorn | D22: 46BW9S | E22: 6494 | F22: 2 | G22: =F22*21 -> 42 | H22: =1-I22/G22 -> 1 | I22: =SUM(L22:BA22) -> 0 | J22: =K22/G22 -> 0 | K22: =SUM(L22:U22) -> 0 | L22: 0 | M22: 0 | N22: 0 | O22: 0 | P22: 0 | Q22: 0 | R22: 0 | S22: 0 | T22: 0 | U22: 0 | V22: 0 | W22: 0 | X22: 0 | Y22: 0 | Z22: 0 | AA22: 0 | AB22: 0 | AC22: 0 | AD22: 0 | AE22: 0 | AF22: 0 | AG22: 0 | AH22: 0 | AI22: 0 | AJ22: 0 | AK22: 0 | AL22: 0 | AM22: 0 | AN22: 0 | AO22: 0 | AP22: 0 | AQ22: 0 | AR22: 0 | AS22: 0 | AT22: 0 | AU22: 0 | AV22: 0 | AW22: 0 | AX22: 0 | AY22: 0 | AZ22: 0 | BA22: 0
B23: 46014 | C23: Weisshorn | D23: 46BW9SB002 | E23: 6494 | F23: 1 | G23: =F23*21 -> 21 | H23: =1-I23/G23 -> 1 | I23: =SUM(L23:BA23) -> 0 | J23: =K23/G23 -> 0 | K23: =SUM(L23:U23) -> 0 | L23: 0 | M23: 0 | N23: 0 | O23: 0 | P23: 0 | Q23: 0 | R23: 0 | S23: 0 | T23: 0 | U23: 0 | V23: 0 | W23: 0 | X23: 0 | Y23: 0 | Z23: 0 | AA23: 0 | AB23: 0 | AC23: 0 | AD23: 0 | AE23: 0 | AF23: 0 | AG23: 0 | AH23: 0 | AI23: 0 | AJ23: 0 | AK23: 0 | AL23: 0 | AM23: 0 | AN23: 0 | AO23: 0 | AP23: 0 | AQ23: 0 | AR23: 0 | AS23: 0 | AT23: 0 | AU23: 0 | AV23: 0 | AW23: 0 | AX23: 0 | AY23: 0 | AZ23: 0 | BA23: 0
B24: 46014 | C24: Weisshorn | D24: 46BW9SB004 | E24: 6581 | F24: 2 | G24: =F24*21 -> 42 | H24: =1-I24/G24 -> 0.92857143 | I24: =SUM(L24:BA24) -> 3 | J24: =K24/G24 -> 0.071428571 | K24: =SUM(L24:U24) -> 3 | L24: 0 | M24: 3 | N24: 0 | O24: 0 | P24: 0 | Q24: 0 | R24: 0 | S24: 0 | T24: 0 | U24: 0 | V24: 0 | W24: 0 | X24: 0 | Y24: 0 | Z24: 0 | AA24: 0 | AB24: 0 | AC24: 0 | AD24: 0 | AE24: 0 | AF24: 0 | AG24: 0 | AH24: 0 | AI24: 0 | AJ24: 0 | AK24: 0 | AL24: 0 | AM24: 0 | AN24: 0 | AO24: 0 | AP24: 0 | AQ24: 0 | AR24: 0 | AS24: 0 | AT24: 0 | AU24: 0 | AV24: 0 | AW24: 0 | AX24: 0 | AY24: 0 | AZ24: 0 | BA24: 0
B25: 46014 | C25: Weisshorn | D25: 46BW9SB004 | E25: 6601 | F25: 2 | G25: =F25*21 -> 42 | H25: =1-I25/G25 -> 0.97619048 | I25: =SUM(L25:BA25) -> 1 | J25: =K25/G25 -> 0.023809524 | K25: =SUM(L25:U25) -> 1 | L25: 0 | M25: 0 | N25: 0 | O25: 0 | P25: 0 | Q25: 0 | R25: 0 | S25: 1 | T25: 0 | U25: 0 | V25: 0 | W25: 0 | X25: 0 | Y25: 0 | Z25: 0 | AA25: 0 | AB25: 0 | AC25: 0 | AD25: 0 | AE25: 0 | AF25: 0 | AG25: 0 | AH25: 0 | AI25: 0 | AJ25: 0 | AK25: 0 | AL25: 0 | AM25: 0 | AN25: 0 | AO25: 0 | AP25: 0 | AQ25: 0 | AR25: 0 | AS25: 0 | AT25: 0 | AU25: 0 | AV25: 0 | AW25: 0 | AX25: 0 | AY25: 0 | AZ25: 0 | BA25: 0
B26: 46015 | C26: Weisshorn | D26: 46BW9T | E26: 6688 | F26: 12 | G26: =F26*21 -> 252 | H26: =1-I26/G26 -> 0.98412698 | I26: =SUM(L26:BA26) -> 4 | J26: =K26/G26 -> 0.015873016 | K26: =SUM(L26:U26) -> 4 | L26: 0 | M26: 0 | N26: 0 | O26: 0 | P26: 4 | Q26: 0 | R26: 0 | S26: 0 | T26: 0 | U26: 0 | V26: 0 | W26: 0 | X26: 0 | Y26: 0 | Z26: 0 | AA26: 0 | AB26: 0 | AC26: 0 | AD26: 0 | AE26: 0 | AF26: 0 | AG26: 0 | AH26: 0 | AI26: 0 | AJ26: 0 | AK26: 0 | AL26: 0 | AM26: 0 | AN26: 0 | AO26: 0 | AP26: 0 | AQ26: 0 | AR26: 0 | AS26: 0 | AT26: 0 | AU26: 0 | AV26: 0 | AW26: 0 | AX26: 0 | AY26: 0 | AZ26: 0 | BA26: 0
B27: 46015 | C27: Weisshorn | D27: 46BW9U | E27: 6688 | F27: 13 | G27: =F27*21 -> 273 | H27: =1-I27/G27 -> 0.97069597 | I27: =SUM(L27:BA27) -> 8 | J27: =K27/G27 -> 0.029304029 | K27: =SUM(L27:U27) -> 8 | L27: 0 | M27: 0 | N27: 0 | O27: 0 | P27: 7 | Q27: 0 | R27: 0 | S27: 1 | T27: 0 | U27: 0 | V27: 0 | W27: 0 | X27: 0 | Y27: 0 | Z27: 0 | AA27: 0 | AB27: 0 | AC27: 0 | AD27: 0 | AE27: 0 | AF27: 0 | AG27: 0 | AH27: 0 | AI27: 0 | AJ27: 0 | AK27: 0 | AL27: 0 | AM27: 0 | AN27: 0 | AO27: 0 | AP27: 0 | AQ27: 0 | AR27: 0 | AS27: 0 | AT27: 0 | AU27: 0 | AV27: 0 | AW27: 0 | AX27: 0 | AY27: 0 | AZ27: 0 | BA27: 0
A28: W01 | B28: 46020 | C28: Weisshorn | D28: 46BW9S | E28: 6905 | F28: 2 | G28: =F28*21 -> 42 | H28: =1-I28/G28 -> 1 | I28: =SUM(L28:BA28) -> 0 | J28: =K28/G28 -> 0 | K28: =SUM(L28:U28) -> 0 | L28: 0 | M28: 0 | N28: 0 | O28: 0 | P28: 0 | Q28: 0 | R28: 0 | S28: 0 | T28: 0 | U28: 0 | V28: 0 | W28: 0 | X28: 0 | Y28: 0 | Z28: 0 | AA28: 0 | AB28: 0 | AC28: 0 | AD28: 0 | AE28: 0 | AF28: 0 | AG28: 0 | AH28: 0 | AI28: 0 | AJ28: 0 | AK28: 0 | AL28: 0 | AM28: 0 | AN28: 0 | AO28: 0 | AP28: 0 | AQ28: 0 | AR28: 0 | AS28: 0 | AT28: 0 | AU28: 0 | AV28: 0 | AW28: 0 | AX28: 0 | AY28: 0 | AZ28: 0 | BA28: 0
B29: 46020 | C29: Weisshorn | D29: 46BW9SB002 | E29: 6905 | F29: 1 | G29: =F29*21 -> 21 | H29: =1-I29/G29 -> 1 | I29: =SUM(L29:BA29) -> 0 | J29: =K29/G29 -> 0 | K29: =SUM(L29:U29) -> 0 | L29: 0 | M29: 0 | N29: 0 | O29: 0 | P29: 0 | Q29: 0 | R29: 0 | S29: 0 | T29: 0 | U29: 0 | V29: 0 | W29: 0 | X29: 0 | Y29: 0 | Z29: 0 | AA29: 0 | AB29: 0 | AC29: 0 | AD29: 0 | AE29: 0 | AF29: 0 | AG29: 0 | AH29: 0 | AI29: 0 | AJ29: 0 | AK29: 0 | AL29: 0 | AM29: 0 | AN29: 0 | AO29: 0 | AP29: 0 | AQ29: 0 | AR29: 0 | AS29: 0 | AT29: 0 | AU29: 0 | AV29: 0 | AW29: 0 | AX29: 0 | AY29: 0 | AZ29: 0 | BA29: 0
B30: 46020 | C30: Weisshorn | D30: 46BW9SB003 | E30: 6688 | F30: 3 | G30: =F30*21 -> 63 | H30: =1-I30/G30 -> 1 | I30: =SUM(L30:BA30) -> 0 | J30: =K30/G30 -> 0 | K30: =SUM(L30:U30) -> 0 | L30: 0 | M30: 0 | N30: 0 | O30: 0 | P30: 0 | Q30: 0 | R30: 0 | S30: 0 | T30: 0 | U30: 0 | V30: 0 | W30: 0 | X30: 0 | Y30: 0 | Z30: 0 | AA30: 0 | AB30: 0 | AC30: 0 | AD30: 0 | AE30: 0 | AF30: 0 | AG30: 0 | AH30: 0 | AI30: 0 | AJ30: 0 | AK30: 0 | AL30: 0 | AM30: 0 | AN30: 0 | AO30: 0 | AP30: 0 | AQ30: 0 | AR30: 0 | AS30: 0 | AT30: 0 | AU30: 0 | AV30: 0 | AW30: 0 | AX30: 0 | AY30: 0 | AZ30: 0 | BA30: 0
B31: 46020 | C31: Weisshorn | D31: 46BW9SB006 | E31: 6688 | F31: 1 | G31: =F31*21 -> 21 | H31: =1-I31/G31 -> 1 | I31: =SUM(L31:BA31) -> 0 | J31: =K31/G31 -> 0 | K31: =SUM(L31:U31) -> 0 | L31: 0 | M31: 0 | N31: 0 | O31: 0 | P31: 0 | Q31: 0 | R31: 0 | S31: 0 | T31: 0 | U31: 0 | V31: 0 | W31: 0 | X31: 0 | Y31: 0 | Z31: 0 | AA31: 0 | AB31: 0 | AC31: 0 | AD31: 0 | AE31: 0 | AF31: 0 | AG31: 0 | AH31: 0 | AI31: 0 | AJ31: 0 | AK31: 0 | AL31: 0 | AM31: 0 | AN31: 0 | AO31: 0 | AP31: 0 | AQ31: 0 | AR31: 0 | AS31: 0 | AT31: 0 | AU31: 0 | AV31: 0 | AW31: 0 | AX31: 0 | AY31: 0 | AZ31: 0 | BA31: 0
B32: 46021 | C32: Weisshorn | D32: 46BW9SB006 | E32: 6494 | F32: 1 | G32: =F32*21 -> 21 | H32: =1-I32/G32 -> 1 | I32: =SUM(L32:BA32) -> 0 | J32: =K32/G32 -> 0 | K32: =SUM(L32:U32) -> 0 | L32: 0 | M32: 0 | N32: 0 | O32: 0 | P32: 0 | Q32: 0 | R32: 0 | S32: 0 | T32: 0 | U32: 0 | V32: 0 | W32: 0 | X32: 0 | Y32: 0 | Z32: 0 | AA32: 0 | AB32: 0 | AC32: 0 | AD32: 0 | AE32: 0 | AF32: 0 | AG32: 0 | AH32: 0 | AI32: 0 | AJ32: 0 | AK32: 0 | AL32: 0 | AM32: 0 | AN32: 0 | AO32: 0 | AP32: 0 | AQ32: 0 | AR32: 0 | AS32: 0 | AT32: 0 | AU32: 0 | AV32: 0 | AW32: 0 | AX32: 0 | AY32: 0 | AZ32: 0 | BA32: 0
B33: 46021 | C33: Weisshorn | D33: 46BW9TB001 | E33: 6688 | F33: 1 | G33: =F33*21 -> 21 | H33: =1-I33/G33 -> 1 | I33: =SUM(L33:BA33) -> 0 | J33: =K33/G33 -> 0 | K33: =SUM(L33:U33) -> 0 | L33: 0 | M33: 0 | N33: 0 | O33: 0 | P33: 0 | Q33: 0 | R33: 0 | S33: 0 | T33: 0 | U33: 0 | V33: 0 | W33: 0 | X33: 0 | Y33: 0 | Z33: 0 | AA33: 0 | AB33: 0 | AC33: 0 | AD33: 0 | AE33: 0 | AF33: 0 | AG33: 0 | AH33: 0 | AI33: 0 | AJ33: 0 | AK33: 0 | AL33: 0 | AM33: 0 | AN33: 0 | AO33: 0 | AP33: 0 | AQ33: 0 | AR33: 0 | AS33: 0 | AT33: 0 | AU33: 0 | AV33: 0 | AW33: 0 | AX33: 0 | AY33: 0 | AZ33: 0 | BA33: 0
B34: 46024 | C34: Weisshorn | D34: 46BW9T | E34: 6494 | F34: 12 | G34: =F34*21 -> 252 | H34: =1-I34/G34 -> 0.99603175 | I34: =SUM(L34:BA34) -> 1 | J34: =K34/G34 -> 0.003968254 | K34: =SUM(L34:U34) -> 1 | L34: 0 | M34: 0 | N34: 0 | O34: 0 | P34: 0 | Q34: 1 | R34: 0 | S34: 0 | T34: 0 | U34: 0 | V34: 0 | W34: 0 | X34: 0 | Y34: 0 | Z34: 0 | AA34: 0 | AB34: 0 | AC34: 0 | AD34: 0 | AE34: 0 | AF34: 0 | AG34: 0 | AH34: 0 | AI34: 0 | AJ34: 0 | AK34: 0 | AL34: 0 | AM34: 0 | AN34: 0 | AO34: 0 | AP34: 0 | AQ34: 0 | AR34: 0 | AS34: 0 | AT34: 0 | AU34: 0 | AV34: 0 | AW34: 0 | AX34: 0 | AY34: 0 | AZ34: 0 | BA34: 0
A35: W02 | B35: 46027 | C35: Weisshorn | D35: 46BW9SB006 | E35: 6905 | F35: 1 | G35: =F35*21 -> 21 | H35: =1-I35/G35 -> 1 | I35: =SUM(L35:BA35) -> 0 | J35: =K35/G35 -> 0 | K35: =SUM(L35:U35) -> 0 | L35: 0 | M35: 0 | N35: 0 | O35: 0 | P35: 0 | Q35: 0 | R35: 0 | S35: 0 | T35: 0 | U35: 0 | V35: 0 | W35: 0 | X35: 0 | Y35: 0 | Z35: 0 | AA35: 0 | AB35: 0 | AC35: 0 | AD35: 0 | AE35: 0 | AF35: 0 | AG35: 0 | AH35: 0 | AI35: 0 | AJ35: 0 | AK35: 0 | AL35: 0 | AM35: 0 | AN35: 0 | AO35: 0 | AP35: 0 | AQ35: 0 | AR35: 0 | AS35: 0 | AT35: 0 | AU35: 0 | AV35: 0 | AW35: 0 | AX35: 0 | AY35: 0 | AZ35: 0 | BA35: 0
B36: 46027 | C36: Weisshorn | D36: 46BW9SB001 | E36: 6581 | F36: 2 | G36: =F36*21 -> 42 | H36: =1-I36/G36 -> 1 | I36: =SUM(L36:BA36) -> 0 | J36: =K36/G36 -> 0 | K36: =SUM(L36:U36) -> 0 | L36: 0 | M36: 0 | N36: 0 | O36: 0 | P36: 0 | Q36: 0 | R36: 0 | S36: 0 | T36: 0 | U36: 0 | V36: 0 | W36: 0 | X36: 0 | Y36: 0 | Z36: 0 | AA36: 0 | AB36: 0 | AC36: 0 | AD36: 0 | AE36: 0 | AF36: 0 | AG36: 0 | AH36: 0 | AI36: 0 | AJ36: 0 | AK36: 0 | AL36: 0 | AM36: 0 | AN36: 0 | AO36: 0 | AP36: 0 | AQ36: 0 | AR36: 0 | AS36: 0 | AT36: 0 | AU36: 0 | AV36: 0 | AW36: 0 | AX36: 0 | AY36: 0 | AZ36: 0 | BA36: 0
B37: 46027 | C37: Weisshorn | D37: 46BW9SB004 | E37: 6905 | F37: 1 | G37: =F37*21 -> 21 | H37: =1-I37/G37 -> 1 | I37: =SUM(L37:BA37) -> 0 | J37: =K37/G37 -> 0 | K37: =SUM(L37:U37) -> 0 | L37: 0 | M37: 0 | N37: 0 | O37: 0 | P37: 0 | Q37: 0 | R37: 0 | S37: 0 | T37: 0 | U37: 0 | V37: 0 | W37: 0 | X37: 0 | Y37: 0 | Z37: 0 | AA37: 0 | AB37: 0 | AC37: 0 | AD37: 0 | AE37: 0 | AF37: 0 | AG37: 0 | AH37: 0 | AI37: 0 | AJ37: 0 | AK37: 0 | AL37: 0 | AM37: 0 | AN37: 0 | AO37: 0 | AP37: 0 | AQ37: 0 | AR37: 0 | AS37: 0 | AT37: 0 | AU37: 0 | AV37: 0 | AW37: 0 | AX37: 0 | AY37: 0 | AZ37: 0 | BA37: 0
B38: 46027 | C38: Weisshorn | D38: 46BW9SB004 | E38: 6688 | F38: 2 | G38: =F38*21 -> 42 | H38: =1-I38/G38 -> 0.9047619 | I38: =SUM(L38:BA38) -> 4 | J38: =K38/G38 -> 0.071428571 | K38: =SUM(L38:U38) -> 3 | L38: 0 | M38: 3 | N38: 0 | O38: 0 | P38: 0 | Q38: 0 | R38: 0 | S38: 0 | T38: 0 | U38: 0 | V38: 0 | W38: 0 | X38: 0 | Y38: 0 | Z38: 0 | AA38: 0 | AB38: 0 | AC38: 0 | AD38: 1 | AE38: 0 | AF38: 0 | AG38: 0 | AH38: 0 | AI38: 0 | AJ38: 0 | AK38: 0 | AL38: 0 | AM38: 0 | AN38: 0 | AO38: 0 | AP38: 0 | AQ38: 0 | AR38: 0 | AS38: 0 | AT38: 0 | AU38: 0 | AV38: 0 | AW38: 0 | AX38: 0 | AY38: 0 | AZ38: 0 | BA38: 0
B39: 46027 | C39: Weisshorn | D39: 46BW9SB004 | E39: 6494 | F39: 2 | G39: =F39*21 -> 42 | H39: =1-I39/G39 -> 0.95238095 | I39: =SUM(L39:BA39) -> 2 | J39: =K39/G39 -> 0.047619048 | K39: =SUM(L39:U39) -> 2 | L39: 0 | M39: 1 | N39: 0 | O39: 0 | P39: 0 | Q39: 0 | R39: 0 | S39: 1 | T39: 0 | U39: 0 | V39: 0 | W39: 0 | X39: 0 | Y39: 0 | Z39: 0 | AA39: 0 | AB39: 0 | AC39: 0 | AD39: 0 | AE39: 0 | AF39: 0 | AG39: 0 | AH39: 0 | AI39: 0 | AJ39: 0 | AK39: 0 | AL39: 0 | AM39: 0 | AN39: 0 | AO39: 0 | AP39: 0 | AQ39: 0 | AR39: 0 | AS39: 0 | AT39: 0 | AU39: 0 | AV39: 0 | AW39: 0 | AX39: 0 | AY39: 0 | AZ39: 0 | BA39: 0
B40: 46028 | C40: Weisshorn | D40: 46BW9SB001 | E40: 6601 | F40: 2 | G40: =F40*21 -> 42 | H40: =1-I40/G40 -> 1 | I40: =SUM(L40:BA40) -> 0 | J40: =K40/G40 -> 0 | K40: =SUM(L40:U40) -> 0 | L40: 0 | M40: 0 | N40: 0 | O40: 0 | P40: 0 | Q40: 0 | R40: 0 | S40: 0 | T40: 0 | U40: 0 | V40: 0 | W40: 0 | X40: 0 | Y40: 0 | Z40: 0 | AA40: 0 | AB40: 0 | AC40: 0 | AD40: 0 | AE40: 0 | AF40: 0 | AG40: 0 | AH40: 0 | AI40: 0 | AJ40: 0 | AK40: 0 | AL40: 0 | AM40: 0 | AN40: 0 | AO40: 0 | AP40: 0 | AQ40: 0 | AR40: 0 | AS40: 0 | AT40: 0 | AU40: 0 | AV40: 0 | AW40: 0 | AX40: 0 | AY40: 0 | AZ40: 0 | BA40: 0
B41: 46028 | C41: Weisshorn | D41: 46BW9T | E41: 6905 | F41: 12 | G41: =F41*21 -> 252 | H41: =1-I41/G41 -> 0.99603175 | I41: =SUM(L41:BA41) -> 1 | J41: =K41/G41 -> 0 | K41: =SUM(L41:U41) -> 0 | L41: 0 | M41: 0 | N41: 0 | O41: 0 | P41: 0 | Q41: 0 | R41: 0 | S41: 0 | T41: 0 | U41: 0 | V41: 0 | W41: 0 | X41: 0 | Y41: 0 | Z41: 0 | AA41: 0 | AB41: 1 | AC41: 0 | AD41: 0 | AE41: 0 | AF41: 0 | AG41: 0 | AH41: 0 | AI41: 0 | AJ41: 0 | AK41: 0 | AL41: 0 | AM41: 0 | AN41: 0 | AO41: 0 | AP41: 0 | AQ41: 0 | AR41: 0 | AS41: 0 | AT41: 0 | AU41: 0 | AV41: 0 | AW41: 0 | AX41: 0 | AY41: 0 | AZ41: 0 | BA41: 0
B42: 46029 | C42: Weisshorn | D42: 46BW9TB001 | E42: 6494 | F42: 1 | G42: =F42*21 -> 21 | H42: =1-I42/G42 -> 1 | I42: =SUM(L42:BA42) -> 0 | J42: =K42/G42 -> 0 | K42: =SUM(L42:U42) -> 0 | L42: 0 | M42: 0 | N42: 0 | O42: 0 | P42: 0 | Q42: 0 | R42: 0 | S42: 0 | T42: 0 | U42: 0 | V42: 0 | W42: 0 | X42: 0 | Y42: 0 | Z42: 0 | AA42: 0 | AB42: 0 | AC42: 0 | AD42: 0 | AE42: 0 | AF42: 0 | AG42: 0 | AH42: 0 | AI42: 0 | AJ42: 0 | AK42: 0 | AL42: 0 | AM42: 0 | AN42: 0 | AO42: 0 | AP42: 0 | AQ42: 0 | AR42: 0 | AS42: 0 | AT42: 0 | AU42: 0 | AV42: 0 | AW42: 0 | AX42: 0 | AY42: 0 | AZ42: 0 | BA42: 0
B43: 46030 | C43: Weisshorn | D43: 46BW9TB001 | E43: 6905 | F43: 1 | G43: =F43*21 -> 21 | H43: =1-I43/G43 -> 0.95238095 | I43: =SUM(L43:BA43) -> 1 | J43: =K43/G43 -> 0 | K43: =SUM(L43:U43) -> 0 | L43: 0 | M43: 0 | N43: 0 | O43: 0 | P43: 0 | Q43: 0 | R43: 0 | S43: 0 | T43: 0 | U43: 0 | V43: 0 | W43: 1 | X43: 0 | Y43: 0 | Z43: 0 | AA43: 0 | AB43: 0 | AC43: 0 | AD43: 0 | AE43: 0 | AF43: 0 | AG43: 0 | AH43: 0 | AI43: 0 | AJ43: 0 | AK43: 0 | AL43: 0 | AM43: 0 | AN43: 0 | AO43: 0 | AP43: 0 | AQ43: 0 | AR43: 0 | AS43: 0 | AT43: 0 | AU43: 0 | AV43: 0 | AW43: 0 | AX43: 0 | AY43: 0 | AZ43: 0 | BA43: 0
A44: W03 | B44: 46034 | C44: Weisshorn | D44: 46BW9U | E44: 6494 | F44: 13 | G44: =F44*21 -> 273 | H44: =1-I44/G44 -> 0.996337 | I44: =SUM(L44:BA44) -> 1 | J44: =K44/G44 -> 0.0036630037 | K44: =SUM(L44:U44) -> 1 | L44: 0 | M44: 0 | N44: 0 | O44: 0 | P44: 0 | Q44: 0 | R44: 0 | S44: 1 | T44: 0 | U44: 0 | V44: 0 | W44: 0 | X44: 0 | Y44: 0 | Z44: 0 | AA44: 0 | AB44: 0 | AC44: 0 | AD44: 0 | AE44: 0 | AF44: 0 | AG44: 0 | AH44: 0 | AI44: 0 | AJ44: 0 | AK44: 0 | AL44: 0 | AM44: 0 | AN44: 0 | AO44: 0 | AP44: 0 | AQ44: 0 | AR44: 0 | AS44: 0 | AT44: 0 | AU44: 0 | AV44: 0 | AW44: 0 | AX44: 0 | AY44: 0 | AZ44: 0 | BA44: 0
B45: 46034 | C45: Weisshorn | D45: 46BW9U | E45: 6905 | F45: 13 | G45: =F45*21 -> 273 | H45: =1-I45/G45 -> 0.98534799 | I45: =SUM(L45:BA45) -> 4 | J45: =K45/G45 -> 0.0036630037 | K45: =SUM(L45:U45) -> 1 | L45: 0 | M45: 0 | N45: 0 | O45: 0 | P45: 0 | Q45: 0 | R45: 0 | S45: 1 | T45: 0 | U45: 0 | V45: 0 | W45: 2 | X45: 0 | Y45: 0 | Z45: 0 | AA45: 0 | AB45: 0 | AC45: 0 | AD45: 1 | AE45: 0 | AF45: 0 | AG45: 0 | AH45: 0 | AI45: 0 | AJ45: 0 | AK45: 0 | AL45: 0 | AM45: 0 | AN45: 0 | AO45: 0 | AP45: 0 | AQ45: 0 | AR45: 0 | AS45: 0 | AT45: 0 | AU45: 0 | AV45: 0 | AW45: 0 | AX45: 0 | AY45: 0 | AZ45: 0 | BA45: 0
B46: 46034 | C46: Weisshorn | D46: 46BW9SB003 | E46: 6494 | F46: 3 | G46: =F46*21 -> 63 | H46: =1-I46/G46 -> 0.92063492 | I46: =SUM(L46:BA46) -> 5 | J46: =K46/G46 -> 0.079365079 | K46: =SUM(L46:U46) -> 5 | L46: 0 | M46: 5 | N46: 0 | O46: 0 | P46: 0 | Q46: 0 | R46: 0 | S46: 0 | T46: 0 | U46: 0 | V46: 0 | W46: 0 | X46: 0 | Y46: 0 | Z46: 0 | AA46: 0 | AB46: 0 | AC46: 0 | AD46: 0 | AE46: 0 | AF46: 0 | AG46: 0 | AH46: 0 | AI46: 0 | AJ46: 0 | AK46: 0 | AL46: 0 | AM46: 0 | AN46: 0 | AO46: 0 | AP46: 0 | AQ46: 0 | AR46: 0 | AS46: 0 | AT46: 0 | AU46: 0 | AV46: 0 | AW46: 0 | AX46: 0 | AY46: 0 | AZ46: 0 | BA46: 0
B47: 46035 | C47: Weisshorn | D47: 46BW9SB003 | E47: 6905 | F47: 3 | G47: =F47*21 -> 63 | H47: =1-I47/G47 -> 0.79365079 | I47: =SUM(L47:BA47) -> 13 | J47: =K47/G47 -> 0.20634921 | K47: =SUM(L47:U47) -> 13 | L47: 0 | M47: 0 | N47: 2 | O47: 0 | P47: 0 | Q47: 0 | R47: 0 | S47: 0 | T47: 0 | U47: 11 | V47: 0 | W47: 0 | X47: 0 | Y47: 0 | Z47: 0 | AA47: 0 | AB47: 0 | AC47: 0 | AD47: 0 | AE47: 0 | AF47: 0 | AG47: 0 | AH47: 0 | AI47: 0 | AJ47: 0 | AK47: 0 | AL47: 0 | AM47: 0 | AN47: 0 | AO47: 0 | AP47: 0 | AQ47: 0 | AR47: 0 | AS47: 0 | AT47: 0 | AU47: 0 | AV47: 0 | AW47: 0 | AX47: 0 | AY47: 0 | AZ47: 0 | BA47: 0
B48: 46035 | C48: Weisshorn | D48: 46BW9SB005 | E48: 6688 | F48: 1 | G48: =F48*21 -> 21 | H48: =1-I48/G48 -> 0.95238095 | I48: =SUM(L48:BA48) -> 1 | J48: =K48/G48 -> 0.047619048 | K48: =SUM(L48:U48) -> 1 | L48: 0 | M48: 0 | N48: 0 | O48: 0 | P48: 0 | Q48: 0 | R48: 0 | S48: 1 | T48: 0 | U48: 0 | V48: 0 | W48: 0 | X48: 0 | Y48: 0 | Z48: 0 | AA48: 0 | AB48: 0 | AC48: 0 | AD48: 0 | AE48: 0 | AF48: 0 | AG48: 0 | AH48: 0 | AI48: 0 | AJ48: 0 | AK48: 0 | AL48: 0 | AM48: 0 | AN48: 0 | AO48: 0 | AP48: 0 | AQ48: 0 | AR48: 0 | AS48: 0 | AT48: 0 | AU48: 0 | AV48: 0 | AW48: 0 | AX48: 0 | AY48: 0 | AZ48: 0 | BA48: 0
B49: 46035 | C49: Weisshorn | D49: 46BW9SB005 | E49: 6494 | F49: 1 | G49: =F49*21 -> 21 | H49: =1-I49/G49 -> 0.95238095 | I49: =SUM(L49:BA49) -> 1 | J49: =K49/G49 -> 0.047619048 | K49: =SUM(L49:U49) -> 1 | L49: 0 | M49: 0 | N49: 0 | O49: 0 | P49: 0 | Q49: 0 | R49: 0 | S49: 0 | T49: 1 | U49: 0 | V49: 0 | W49: 0 | X49: 0 | Y49: 0 | Z49: 0 | AA49: 0 | AB49: 0 | AC49: 0 | AD49: 0 | AE49: 0 | AF49: 0 | AG49: 0 | AH49: 0 | AI49: 0 | AJ49: 0 | AK49: 0 | AL49: 0 | AM49: 0 | AN49: 0 | AO49: 0 | AP49: 0 | AQ49: 0 | AR49: 0 | AS49: 0 | AT49: 0 | AU49: 0 | AV49: 0 | AW49: 0 | AX49: 0 | AY49: 0 | AZ49: 0 | BA49: 0
B50: 46035 | C50: Weisshorn | D50: 46BW9SB005 | E50: 6905 | F50: 1 | G50: =F50*21 -> 21 | H50: =1-I50/G50 -> 1 | I50: =SUM(L50:BA50) -> 0 | J50: =K50/G50 -> 0 | K50: =SUM(L50:U50) -> 0 | L50: 0 | M50: 0 | N50: 0 | O50: 0 | P50: 0 | Q50: 0 | R50: 0 | S50: 0 | T50: 0 | U50: 0 | V50: 0 | W50: 0 | X50: 0 | Y50: 0 | Z50: 0 | AA50: 0 | AB50: 0 | AC50: 0 | AD50: 0 | AE50: 0 | AF50: 0 | AG50: 0 | AH50: 0 | AI50: 0 | AJ50: 0 | AK50: 0 | AL50: 0 | AM50: 0 | AN50: 0 | AO50: 0 | AP50: 0 | AQ50: 0 | AR50: 0 | AS50: 0 | AT50: 0 | AU50: 0 | AV50: 0 | AW50: 0 | AX50: 0 | AY50: 0 | AZ50: 0 | BA50: 0
B51: 46037 | C51: Weisshorn | D51: 49BW5D | E51: 6446 | F51: 13 | G51: =F51*21 -> 273 | H51: =1-I51/G51 -> 0.99267399 | I51: =SUM(L51:BA51) -> 2 | J51: =K51/G51 -> 0.0036630037 | K51: =SUM(L51:U51) -> 1 | L51: 0 | M51: 1 | N51: 0 | O51: 0 | P51: 0 | Q51: 0 | R51: 0 | S51: 0 | T51: 0 | U51: 0 | V51: 0 | W51: 0 | X51: 0 | Y51: 0 | Z51: 0 | AA51: 0 | AB51: 0 | AC51: 0 | AD51: 0 | AE51: 0 | AF51: 0 | AG51: 0 | AH51: 0 | AI51: 0 | AJ51: 0 | AK51: 0 | AL51: 0 | AM51: 0 | AN51: 0 | AO51: 0 | AP51: 0 | AQ51: 0 | AR51: 0 | AS51: 0 | AT51: 1 | AU51: 0 | AV51: 0 | AW51: 0 | AX51: 0 | AY51: 0 | AZ51: 0 | BA51: 0
B52: 46037 | C52: Weisshorn | D52: 49BW5F | E52: 6446 | F52: 13 | G52: =F52*21 -> 273 | H52: =1-I52/G52 -> 1 | I52: =SUM(L52:BA52) -> 0 | J52: =K52/G52 -> 0 | K52: =SUM(L52:U52) -> 0 | L52: 0 | M52: 0 | N52: 0 | O52: 0 | P52: 0 | Q52: 0 | R52: 0 | S52: 0 | T52: 0 | U52: 0 | V52: 0 | W52: 0 | X52: 0 | Y52: 0 | Z52: 0 | AA52: 0 | AB52: 0 | AC52: 0 | AD52: 0 | AE52: 0 | AF52: 0 | AG52: 0 | AH52: 0 | AI52: 0 | AJ52: 0 | AK52: 0 | AL52: 0 | AM52: 0 | AN52: 0 | AO52: 0 | AP52: 0 | AQ52: 0 | AR52: 0 | AS52: 0 | AT52: 0 | AU52: 0 | AV52: 0 | AW52: 0 | AX52: 0 | AY52: 0 | AZ52: 0 | BA52: 0
A53: W04 | B53: 46042 | C53: Weisshorn | D53: 46BW9SB008 | E53: 6581 | F53: 1 | G53: =F53*21 -> 21 | H53: =1-I53/G53 -> 1 | I53: =SUM(L53:BA53) -> 0 | K53: =SUM(L53:U53) -> 0 | L53: 0 | M53: 0 | N53: 0 | O53: 0 | P53: 0 | Q53: 0 | R53: 0 | S53: 0 | T53: 0 | U53: 0 | V53: 0 | W53: 0 | X53: 0 | Y53: 0 | Z53: 0 | AA53: 0 | AB53: 0 | AC53: 0 | AD53: 0 | AE53: 0 | AF53: 0 | AG53: 0 | AH53: 0 | AI53: 0 | AJ53: 0 | AK53: 0 | AL53: 0 | AM53: 0 | AN53: 0 | AO53: 0 | AP53: 0 | AQ53: 0 | AR53: 0 | AS53: 0 | AT53: 0 | AU53: 0 | AV53: 0 | AW53: 0 | AX53: 0 | AY53: 0 | AZ53: 0 | BA53: 0
B54: 46042 | C54: Weisshorn | D54: 46BW9SB008 | E54: 6601 | F54: 1 | G54: =F54*21 -> 21 | H54: =1-I54/G54 -> 1 | I54: =SUM(L54:BA54) -> 0 | J54: =K54/G54 -> 0 | K54: =SUM(L54:U54) -> 0 | L54: 0 | M54: 0 | N54: 0 | O54: 0 | P54: 0 | Q54: 0 | R54: 0 | S54: 0 | T54: 0 | U54: 0 | V54: 0 | W54: 0 | X54: 0 | Y54: 0 | Z54: 0 | AA54: 0 | AB54: 0 | AC54: 0 | AD54: 0 | AE54: 0 | AF54: 0 | AG54: 0 | AH54: 0 | AI54: 0 | AJ54: 0 | AK54: 0 | AL54: 0 | AM54: 0 | AN54: 0 | AO54: 0 | AP54: 0 | AQ54: 0 | AR54: 0 | AS54: 0 | AT54: 0 | AU54: 0 | AV54: 0 | AW54: 0 | AX54: 0 | AY54: 0 | AZ54: 0 | BA54: 0
B55: 46042 | C55: Weisshorn | D55: 46BW9SB008 | E55: 6688 | F55: 1 | G55: =F55*21 -> 21 | H55: =1-I55/G55 -> 1 | I55: =SUM(L55:BA55) -> 0 | J55: =K55/G55 -> 0 | K55: =SUM(L55:U55) -> 0 | L55: 0 | M55: 0 | N55: 0 | O55: 0 | P55: 0 | Q55: 0 | R55: 0 | S55: 0 | T55: 0 | U55: 0 | V55: 0 | W55: 0 | X55: 0 | Y55: 0 | Z55: 0 | AA55: 0 | AB55: 0 | AC55: 0 | AD55: 0 | AE55: 0 | AF55: 0 | AG55: 0 | AH55: 0 | AI55: 0 | AJ55: 0 | AK55: 0 | AL55: 0 | AM55: 0 | AN55: 0 | AO55: 0 | AP55: 0 | AQ55: 0 | AR55: 0 | AS55: 0 | AT55: 0 | AU55: 0 | AV55: 0 | AW55: 0 | AX55: 0 | AY55: 0 | AZ55: 0 | BA55: 0
B56: 46042 | C56: Weisshorn | D56: 46BW9SB008 | E56: 6494 | F56: 1 | G56: =F56*21 -> 21 | H56: =1-I56/G56 -> 1 | I56: =SUM(L56:BA56) -> 0 | J56: =K56/G56 -> 0 | K56: =SUM(L56:U56) -> 0 | L56: 0 | M56: 0 | N56: 0 | O56: 0 | P56: 0 | Q56: 0 | R56: 0 | S56: 0 | T56: 0 | U56: 0 | V56: 0 | W56: 0 | X56: 0 | Y56: 0 | Z56: 0 | AA56: 0 | AB56: 0 | AC56: 0 | AD56: 0 | AE56: 0 | AF56: 0 | AG56: 0 | AH56: 0 | AI56: 0 | AJ56: 0 | AK56: 0 | AL56: 0 | AM56: 0 | AN56: 0 | AO56: 0 | AP56: 0 | AQ56: 0 | AR56: 0 | AS56: 0 | AT56: 0 | AU56: 0 | AV56: 0 | AW56: 0 | AX56: 0 | AY56: 0 | AZ56: 0 | BA56: 0
B57: 46042 | C57: Weisshorn | D57: 46BW9SB008 | E57: 6905 | F57: 1 | G57: =F57*21 -> 21 | H57: =1-I57/G57 -> 1 | I57: =SUM(L57:BA57) -> 0 | J57: =K57/G57 -> 0 | K57: =SUM(L57:U57) -> 0 | L57: 0 | M57: 0 | N57: 0 | O57: 0 | P57: 0 | Q57: 0 | R57: 0 | S57: 0 | T57: 0 | U57: 0 | V57: 0 | W57: 0 | X57: 0 | Y57: 0 | Z57: 0 | AA57: 0 | AB57: 0 | AC57: 0 | AD57: 0 | AE57: 0 | AF57: 0 | AG57: 0 | AH57: 0 | AI57: 0 | AJ57: 0 | AK57: 0 | AL57: 0 | AM57: 0 | AN57: 0 | AO57: 0 | AP57: 0 | AQ57: 0 | AR57: 0 | AS57: 0 | AT57: 0 | AU57: 0 | AV57: 0 | AW57: 0 | AX57: 0 | AY57: 0 | AZ57: 0 | BA57: 0
B58: 46043 | C58: Weisshorn | D58: 49BW5F | E58: 6581 | F58: 13 | G58: =F58*21 -> 273 | H58: =1-I58/G58 -> 1 | I58: =SUM(L58:BA58) -> 0 | J58: =K58/G58 -> 0 | K58: =SUM(L58:U58) -> 0 | L58: 0 | M58: 0 | N58: 0 | O58: 0 | P58: 0 | Q58: 0 | R58: 0 | S58: 0 | T58: 0 | U58: 0 | V58: 0 | W58: 0 | X58: 0 | Y58: 0 | Z58: 0 | AA58: 0 | AB58: 0 | AC58: 0 | AD58: 0 | AE58: 0 | AF58: 0 | AG58: 0 | AH58: 0 | AI58: 0 | AJ58: 0 | AK58: 0 | AL58: 0 | AM58: 0 | AN58: 0 | AO58: 0 | AP58: 0 | AQ58: 0 | AR58: 0 | AS58: 0 | AT58: 0 | AU58: 0 | AV58: 0 | AW58: 0 | AX58: 0 | AY58: 0 | AZ58: 0 | BA58: 0
B59: 46043 | C59: Weisshorn | D59: 49BW5F | E59: 6601 | F59: 13 | G59: =F59*21 -> 273 | H59: =1-I59/G59 -> 1 | I59: =SUM(L59:BA59) -> 0 | J59: =K59/G59 -> 0 | K59: =SUM(L59:U59) -> 0 | L59: 0 | M59: 0 | N59: 0 | O59: 0 | P59: 0 | Q59: 0 | R59: 0 | S59: 0 | T59: 0 | U59: 0 | V59: 0 | W59: 0 | X59: 0 | Y59: 0 | Z59: 0 | AA59: 0 | AB59: 0 | AC59: 0 | AD59: 0 | AE59: 0 | AF59: 0 | AG59: 0 | AH59: 0 | AI59: 0 | AJ59: 0 | AK59: 0 | AL59: 0 | AM59: 0 | AN59: 0 | AO59: 0 | AP59: 0 | AQ59: 0 | AR59: 0 | AS59: 0 | AT59: 0 | AU59: 0 | AV59: 0 | AW59: 0 | AX59: 0 | AY59: 0 | AZ59: 0 | BA59: 0
B60: 46043 | C60: Weisshorn | D60: 49BW5F | E60: 6366 | F60: 13 | G60: =F60*21 -> 273 | H60: =1-I60/G60 -> 0.98534799 | I60: =SUM(L60:AZ60) -> 4 | J60: =K60/G60 -> 0 | K60: =SUM(L60:U60) -> 0 | L60: 0 | M60: 0 | N60: 0 | O60: 0 | P60: 0 | Q60: 0 | R60: 0 | S60: 0 | T60: 0 | U60: 0 | V60: 0 | W60: 0 | X60: 0 | Y60: 0 | Z60: 0 | AA60: 0 | AB60: 0 | AC60: 0 | AD60: 0 | AE60: 0 | AF60: 0 | AG60: 0 | AH60: 0 | AI60: 0 | AJ60: 0 | AK60: 0 | AM60: 0 | AN60: 0 | AO60: 0 | AP60: 0 | AQ60: 0 | AR60: 0 | AS60: 0 | AT60: 0 | AU60: 2 | AV60: 2 | AW60: 0 | AX60: 0 | AY60: 0 | AZ60: 0 | BA60: 0
A61: W05 | B61: 46044 | C61: Weisshorn | D61: 33BW5MB001 | E61: 6446 | F61: 11 | G61: =F61*21 -> 231 | H61: =1-I61/G61 -> 0.97835498 | I61: =SUM(L61:BA61) -> 5 | J61: =K61/G61 -> 0 | K61: =SUM(L61:U61) -> 0 | L61: 0 | M61: 0 | N61: 0 | O61: 0 | P61: 0 | Q61: 0 | R61: 0 | S61: 0 | T61: 0 | U61: 0 | V61: 0 | W61: 0 | X61: 0 | Y61: 0 | Z61: 0 | AA61: 0 | AB61: 0 | AC61: 0 | AD61: 0 | AE61: 0 | AF61: 0 | AG61: 0 | AH61: 0 | AI61: 4 | AJ61: 0 | AK61: 0 | AL61: 0 | AM61: 0 | AN61: 0 | AO61: 0 | AP61: 0 | AQ61: 0 | AR61: 0 | AS61: 0 | AT61: 0 | AU61: 0 | AV61: 0 | AW61: 0 | AX61: 0 | AY61: 0 | AZ61: 0 | BA61: 1
B62: 46044 | C62: Weisshorn | D62: 51BW3J | E62: 6446 | F62: 13 | G62: =F62*21 -> 273 | H62: =1-I62/G62 -> 0.996337 | I62: =SUM(L62:BA62) -> 1 | J62: =K62/G62 -> 0 | K62: =SUM(L62:U62) -> 0 | L62: 0 | M62: 0 | N62: 0 | O62: 0 | P62: 0 | Q62: 0 | R62: 0 | S62: 0 | T62: 0 | U62: 0 | V62: 0 | W62: 0 | X62: 0 | Y62: 0 | Z62: 1 | AA62: 0 | AB62: 0 | AC62: 0 | AD62: 0 | AE62: 0 | AF62: 0 | AG62: 0 | AH62: 0 | AI62: 0 | AJ62: 0 | AK62: 0 | AL62: 0 | AM62: 0 | AN62: 0 | AO62: 0 | AP62: 0 | AQ62: 0 | AR62: 0 | AS62: 0 | AT62: 0 | AU62: 0 | AV62: 0 | AW62: 0 | AX62: 0 | AY62: 0 | AZ62: 0 | BA62: 0
B63: 46044 | C63: Weisshorn | D63: 33BW5MB001 | E63: 6366 | F63: 11 | G63: =F63*21 -> 231 | H63: =1-I63/G63 -> 0.94372294 | I63: =SUM(L63:AZ63) -> 13 | J63: =K63/G63 -> 0 | K63: =SUM(L63:U63) -> 0 | L63: 0 | M63: 0 | N63: 0 | O63: 0 | P63: 0 | Q63: 0 | R63: 0 | S63: 0 | T63: 0 | U63: 0 | V63: 0 | W63: 0 | X63: 0 | Y63: 0 | Z63: 0 | AA63: 0 | AB63: 0 | AC63: 0 | AD63: 0 | AE63: 0 | AF63: 0 | AG63: 0 | AH63: 0 | AI63: 0 | AJ63: 0 | AK63: 0 | AM63: 0 | AN63: 0 | AO63: 0 | AP63: 0 | AQ63: 0 | AR63: 0 | AS63: 0 | AT63: 0 | AU63: 13 | AV63: 0 | AW63: 0 | AX63: 0 | AY63: 0 | AZ63: 0 | BA63: 0
B64: 46044 | C64: Weisshorn | D64: 49BW5E | E64: 6366 | F64: 11 | G64: =F64*21 -> 231 | H64: =1-I64/G64 -> 1 | I64: =SUM(L64:AZ64) -> 0 | J64: =K64/G64 -> 0 | K64: =SUM(L64:U64) -> 0 | L64: 0 | M64: 0 | N64: 0 | O64: 0 | P64: 0 | Q64: 0 | R64: 0 | S64: 0 | T64: 0 | U64: 0 | V64: 0 | W64: 0 | X64: 0 | Y64: 0 | Z64: 0 | AA64: 0 | AB64: 0 | AC64: 0 | AD64: 0 | AE64: 0 | AF64: 0 | AG64: 0 | AH64: 0 | AI64: 0 | AJ64: 0 | AK64: 0 | AM64: 0 | AN64: 0 | AO64: 0 | AP64: 0 | AQ64: 0 | AR64: 0 | AS64: 0 | AT64: 0 | AU64: 0 | AV64: 0 | AW64: 0 | AX64: 0 | AY64: 0 | AZ64: 0 | BA64: 0
B65: 46044 | C65: Weisshorn | D65: 51BW3J | E65: 6366 | F65: 13 | G65: =F65*21 -> 273 | H65: =1-I65/G65 -> 0.996337 | I65: =SUM(L65:AZ65) -> 1 | J65: =K65/G65 -> 0 | K65: =SUM(L65:U65) -> 0 | L65: 0 | M65: 0 | N65: 0 | O65: 0 | P65: 0 | Q65: 0 | R65: 0 | S65: 0 | T65: 0 | U65: 0 | V65: 0 | W65: 0 | X65: 0 | Y65: 0 | Z65: 0 | AA65: 0 | AB65: 0 | AC65: 0 | AD65: 0 | AE65: 0 | AF65: 0 | AG65: 0 | AH65: 0 | AI65: 0 | AJ65: 0 | AK65: 0 | AM65: 0 | AN65: 0 | AO65: 0 | AP65: 0 | AQ65: 0 | AR65: 0 | AS65: 0 | AT65: 0 | AU65: 1 | AV65: 0 | AW65: 0 | AX65: 0 | AY65: 0 | AZ65: 0 | BA65: 0
B66: 46045 | C66: Weisshorn | D66: 49BW5F | E66: 6688 | F66: 9 | G66: =F66*21 -> 189 | H66: =1-I66/G66 -> 1 | I66: =SUM(L66:BA66) -> 0 | J66: =K66/G66 -> 0 | K66: =SUM(L66:U66) -> 0 | L66: 0 | M66: 0 | N66: 0 | O66: 0 | P66: 0 | Q66: 0 | R66: 0 | S66: 0 | T66: 0 | U66: 0 | V66: 0 | W66: 0 | X66: 0 | Y66: 0 | Z66: 0 | AA66: 0 | AB66: 0 | AC66: 0 | AD66: 0 | AE66: 0 | AF66: 0 | AG66: 0 | AH66: 0 | AI66: 0 | AJ66: 0 | AK66: 0 | AL66: 0 | AM66: 0 | AN66: 0 | AO66: 0 | AP66: 0 | AQ66: 0 | AR66: 0 | AS66: 0 | AT66: 0 | AU66: 0 | AV66: 0 | AW66: 0 | AX66: 0 | AY66: 0 | AZ66: 0 | BA66: 0
A67: W05 | B67: 46048 | C67: Weisshorn | D67: 51BW3L | E67: 6366 | F67: 13 | G67: =F67*21 -> 273 | H67: =1-I67/G67 -> 1 | I67: =SUM(L67:AZ67) -> 0 | J67: =K67/G67 -> 0 | K67: =SUM(L67:U67) -> 0 | L67: 0 | M67: 0 | N67: 0 | O67: 0 | P67: 0 | Q67: 0 | R67: 0 | S67: 0 | T67: 0 | U67: 0 | V67: 0 | W67: 0 | X67: 0 | Y67: 0 | Z67: 0 | AA67: 0 | AB67: 0 | AC67: 0 | AD67: 0 | AE67: 0 | AF67: 0 | AG67: 0 | AH67: 0 | AI67: 0 | AJ67: 0 | AK67: 0 | AM67: 0 | AN67: 0 | AO67: 0 | AP67: 0 | AQ67: 0 | AR67: 0 | AS67: 0 | AT67: 0 | AU67: 0 | AV67: 0 | AW67: 0 | AX67: 0 | AY67: 0 | AZ67: 0 | BA67: 0
B68: 46049 | C68: Weisshorn | D68: 49BW5D | E68: 6581 | F68: 13 | G68: =F68*21 -> 273 | H68: =1-I68/G68 -> 0.97435897 | I68: =SUM(L68:BA68) -> 7 | J68: =K68/G68 -> 0.025641026 | K68: =SUM(L68:U68) -> 7 | L68: 0 | M68: 0 | N68: 0 | O68: 1 | P68: 0 | Q68: 6 | R68: 0 | S68: 0 | T68: 0 | U68: 0 | V68: 0 | W68: 0 | X68: 0 | Y68: 0 | Z68: 0 | AA68: 0 | AB68: 0 | AC68: 0 | AD68: 0 | AE68: 0 | AF68: 0 | AG68: 0 | AH68: 0 | AI68: 0 | AJ68: 0 | AK68: 0 | AL68: 0 | AM68: 0 | AN68: 0 | AO68: 0 | AP68: 0 | AQ68: 0 | AR68: 0 | AS68: 0 | AT68: 0 | AU68: 0 | AV68: 0 | AW68: 0 | AX68: 0 | AY68: 0 | AZ68: 0 | BA68: 0
B69: 46049 | C69: Weisshorn | D69: 49BW5D | E69: 6601 | F69: 13 | G69: =F69*21 -> 273 | H69: =1-I69/G69 -> 0.99267399 | I69: =SUM(L69:BA69) -> 2 | J69: =K69/G69 -> 0.0036630037 | K69: =SUM(L69:U69) -> 1 | L69: 0 | M69: 1 | N69: 0 | O69: 0 | P69: 0 | Q69: 0 | R69: 0 | S69: 0 | T69: 0 | U69: 0 | V69: 0 | W69: 0 | X69: 0 | Y69: 0 | Z69: 0 | AA69: 0 | AB69: 0 | AC69: 0 | AD69: 0 | AE69: 0 | AF69: 0 | AG69: 0 | AH69: 0 | AI69: 0 | AJ69: 0 | AK69: 0 | AL69: 0 | AM69: 0 | AN69: 1 | AO69: 0 | AP69: 0 | AQ69: 0 | AR69: 0 | AS69: 0 | AT69: 0 | AU69: 0 | AV69: 0 | AW69: 0 | AX69: 0 | AY69: 0 | AZ69: 0 | BA69: 0
B70: 46049 | C70: Weisshorn | D70: 33BW5MB001 | E70: 6581 | F70: 8 | G70: =F70*21 -> 168 | H70: =1-I70/G70 -> 0.94047619 | I70: =SUM(L70:BA70) -> 10 | J70: =K70/G70 -> 0.05952381 | K70: =SUM(L70:U70) -> 10 | L70: 0 | M70: 0 | N70: 0 | O70: 0 | P70: 0 | Q70: 0 | R70: 0 | S70: 1 | T70: 9 | U70: 0 | V70: 0 | W70: 0 | X70: 0 | Y70: 0 | Z70: 0 | AA70: 0 | AB70: 0 | AC70: 0 | AD70: 0 | AE70: 0 | AF70: 0 | AG70: 0 | AH70: 0 | AI70: 0 | AJ70: 0 | AK70: 0 | AL70: 0 | AM70: 0 | AN70: 0 | AO70: 0 | AP70: 0 | AQ70: 0 | AR70: 0 | AS70: 0 | AT70: 0 | AU70: 0 | AV70: 0 | AW70: 0 | AX70: 0 | AY70: 0 | AZ70: 0 | BA70: 0
B71: 46049 | C71: Weisshorn | D71: 33BW5MB001 | E71: 6601 | F71: 8 | G71: =F71*21 -> 168 | H71: =1-I71/G71 -> 0.93452381 | I71: =SUM(L71:BA71) -> 11 | J71: =K71/G71 -> 0.06547619 | K71: =SUM(L71:U71) -> 11 | L71: 0 | M71: 0 | N71: 0 | O71: 0 | P71: 0 | Q71: 0 | R71: 0 | S71: 1 | T71: 10 | U71: 0 | V71: 0 | W71: 0 | X71: 0 | Y71: 0 | Z71: 0 | AA71: 0 | AB71: 0 | AC71: 0 | AD71: 0 | AE71: 0 | AF71: 0 | AG71: 0 | AH71: 0 | AI71: 0 | AJ71: 0 | AK71: 0 | AL71: 0 | AM71: 0 | AN71: 0 | AO71: 0 | AP71: 0 | AQ71: 0 | AR71: 0 | AS71: 0 | AT71: 0 | AU71: 0 | AV71: 0 | AW71: 0 | AX71: 0 | AY71: 0 | AZ71: 0 | BA71: 0
A72: W06 | B72: 46050 | C72: Weisshorn | D72: 49BW5E | E72: 6446 | F72: 11 | G72: =F72*21 -> 231 | H72: =1-I72/G72 -> 0.8961039 | I72: =SUM(L72:BA72) -> 24 | J72: =K72/G72 -> 0 | K72: =SUM(L72:U72) -> 0 | L72: 0 | M72: 0 | N72: 0 | O72: 0 | P72: 0 | Q72: 0 | R72: 0 | S72: 0 | T72: 0 | U72: 0 | V72: 0 | W72: 0 | X72: 0 | Y72: 0 | Z72: 0 | AA72: 0 | AB72: 0 | AC72: 0 | AD72: 0 | AE72: 0 | AF72: 0 | AG72: 0 | AH72: 0 | AI72: 24 | AJ72: 0 | AK72: 0 | AL72: 0 | AM72: 0 | AN72: 0 | AO72: 0 | AP72: 0 | AQ72: 0 | AR72: 0 | AS72: 0 | AT72: 0 | AU72: 0 | AV72: 0 | AW72: 0 | AX72: 0 | AY72: 0 | AZ72: 0 | BA72: 0
B73: 46050 | C73: Weisshorn | D73: 49BW5E | E73: 6581 | F73: 11 | G73: =F73*21 -> 231 | H73: =1-I73/G73 -> 0.995671 | I73: =SUM(L73:BA73) -> 1 | J73: =K73/G73 -> 0 | K73: =SUM(L73:U73) -> 0 | L73: 0 | M73: 0 | N73: 0 | O73: 0 | P73: 0 | Q73: 0 | R73: 0 | S73: 0 | T73: 0 | U73: 0 | V73: 0 | W73: 0 | X73: 0 | Y73: 0 | Z73: 0 | AA73: 0 | AB73: 0 | AC73: 0 | AD73: 1 | AE73: 0 | AF73: 0 | AG73: 0 | AH73: 0 | AI73: 0 | AJ73: 0 | AK73: 0 | AL73: 0 | AM73: 0 | AN73: 0 | AO73: 0 | AP73: 0 | AQ73: 0 | AR73: 0 | AS73: 0 | AT73: 0 | AU73: 0 | AV73: 0 | AW73: 0 | AX73: 0 | AY73: 0 | AZ73: 0 | BA73: 0
B74: 46050 | C74: Weisshorn | D74: 49BW5E | E74: 6601 | F74: 11 | G74: =F74*21 -> 231 | H74: =1-I74/G74 -> 1 | I74: =SUM(L74:BA74) -> 0 | J74: =K74/G74 -> 0 | K74: =SUM(L74:U74) -> 0 | L74: 0 | M74: 0 | N74: 0 | O74: 0 | P74: 0 | Q74: 0 | R74: 0 | S74: 0 | T74: 0 | U74: 0 | V74: 0 | W74: 0 | X74: 0 | Y74: 0 | Z74: 0 | AA74: 0 | AB74: 0 | AC74: 0 | AD74: 0 | AE74: 0 | AF74: 0 | AG74: 0 | AH74: 0 | AI74: 0 | AJ74: 0 | AK74: 0 | AL74: 0 | AM74: 0 | AN74: 0 | AO74: 0 | AP74: 0 | AQ74: 0 | AR74: 0 | AS74: 0 | AT74: 0 | AU74: 0 | AV74: 0 | AW74: 0 | AX74: 0 | AY74: 0 | AZ74: 0 | BA74: 0
B75: 46050 | C75: Weisshorn | D75: 49BW5E | E75: 6688 | F75: 8 | G75: =F75*21 -> 168 | H75: =1-I75/G75 -> 0.98214286 | I75: =SUM(L75:BA75) -> 3 | J75: =K75/G75 -> 0.017857143 | K75: =SUM(L75:U75) -> 3 | L75: 0 | M75: 0 | N75: 0 | O75: 0 | P75: 0 | Q75: 1 | R75: 1 | S75: 1 | T75: 0 | U75: 0 | V75: 0 | W75: 0 | X75: 0 | Y75: 0 | Z75: 0 | AA75: 0 | AB75: 0 | AC75: 0 | AD75: 0 | AE75: 0 | AF75: 0 | AG75: 0 | AH75: 0 | AI75: 0 | AJ75: 0 | AK75: 0 | AL75: 0 | AM75: 0 | AN75: 0 | AO75: 0 | AP75: 0 | AQ75: 0 | AR75: 0 | AS75: 0 | AT75: 0 | AU75: 0 | AV75: 0 | AW75: 0 | AX75: 0 | AY75: 0 | AZ75: 0 | BA75: 0
B76: 46050 | C76: Weisshorn | D76: 51BW3JB001 | E76: 6581 | F76: 1 | G76: =F76*21 -> 21 | H76: =1-I76/G76 -> 1 | I76: =SUM(L76:BA76) -> 0 | J76: =K76/G76 -> 0 | K76: =SUM(L76:U76) -> 0 | L76: 0 | M76: 0 | N76: 0 | O76: 0 | P76: 0 | Q76: 0 | R76: 0 | S76: 0 | T76: 0 | U76: 0 | V76: 0 | W76: 0 | X76: 0 | Y76: 0 | Z76: 0 | AA76: 0 | AB76: 0 | AC76: 0 | AD76: 0 | AE76: 0 | AF76: 0 | AG76: 0 | AH76: 0 | AI76: 0 | AJ76: 0 | AK76: 0 | AL76: 0 | AM76: 0 | AN76: 0 | AO76: 0 | AP76: 0 | AQ76: 0 | AR76: 0 | AS76: 0 | AT76: 0 | AU76: 0 | AV76: 0 | AW76: 0 | AX76: 0 | AY76: 0 | AZ76: 0 | BA76: 0
B77: 46050 | C77: Weisshorn | D77: 51BW3JB002 | E77: 6581 | F77: 2 | G77: =F77*21 -> 42 | H77: =1-I77/G77 -> 1 | I77: =SUM(L77:BA77) -> 0 | J77: =K77/G77 -> 0 | K77: =SUM(L77:U77) -> 0 | L77: 0 | M77: 0 | N77: 0 | O77: 0 | P77: 0 | Q77: 0 | R77: 0 | S77: 0 | T77: 0 | U77: 0 | V77: 0 | W77: 0 | X77: 0 | Y77: 0 | Z77: 0 | AA77: 0 | AB77: 0 | AC77: 0 | AD77: 0 | AE77: 0 | AF77: 0 | AG77: 0 | AH77: 0 | AI77: 0 | AJ77: 0 | AK77: 0 | AL77: 0 | AM77: 0 | AN77: 0 | AO77: 0 | AP77: 0 | AQ77: 0 | AR77: 0 | AS77: 0 | AT77: 0 | AU77: 0 | AV77: 0 | AW77: 0 | AX77: 0 | AY77: 0 | AZ77: 0 | BA77: 0
B78: 46050 | C78: Weisshorn | D78: 51BW3K | E78: 6366 | F78: 13 | G78: =F78*21 -> 273 | H78: =1-I78/G78 -> 0.996337 | I78: =SUM(L78:AZ78) -> 1 | J78: =K78/G78 -> 0 | K78: =SUM(L78:U78) -> 0 | L78: 0 | M78: 0 | N78: 0 | O78: 0 | P78: 0 | Q78: 0 | R78: 0 | S78: 0 | T78: 0 | U78: 0 | V78: 0 | W78: 0 | X78: 0 | Y78: 0 | Z78: 0 | AA78: 0 | AB78: 0 | AC78: 0 | AD78: 0 | AE78: 0 | AF78: 0 | AG78: 0 | AH78: 0 | AI78: 0 | AJ78: 0 | AK78: 0 | AM78: 0 | AN78: 0 | AO78: 0 | AP78: 0 | AQ78: 0 | AR78: 0 | AS78: 0 | AT78: 0 | AU78: 1 | AV78: 0 | AW78: 0 | AX78: 0 | AY78: 0 | AZ78: 0 | BA78: 0
B79: 46051 | C79: Weisshorn | D79: 51BW3HB001 | E79: 6366 | F79: 6 | G79: =F79*21 -> 126 | H79: =1-I79/G79 -> 1 | I79: =SUM(L79:AZ79) -> 0 | J79: =K79/G79 -> 0 | K79: =SUM(L79:U79) -> 0 | L79: 0 | M79: 0 | N79: 0 | O79: 0 | P79: 0 | Q79: 0 | R79: 0 | S79: 0 | T79: 0 | U79: 0 | V79: 0 | W79: 0 | X79: 0 | Y79: 0 | Z79: 0 | AA79: 0 | AB79: 0 | AC79: 0 | AD79: 0 | AE79: 0 | AF79: 0 | AG79: 0 | AH79: 0 | AI79: 0 | AJ79: 0 | AK79: 0 | AM79: 0 | AN79: 0 | AO79: 0 | AP79: 0 | AQ79: 0 | AR79: 0 | AS79: 0 | AT79: 0 | AU79: 0 | AV79: 0 | AW79: 0 | AX79: 0 | AY79: 0 | AZ79: 0 | BA79: 0
B80: 46052 | C80: Weisshorn | D80: 33BW5MB001 | E80: 6688 | F80: 7 | G80: =F80*21 -> 147 | H80: =1-I80/G80 -> 0.96598639 | I80: =SUM(L80:BA80) -> 5 | J80: =K80/G80 -> 0.034013605 | K80: =SUM(L80:U80) -> 5 | L80: 0 | M80: 0 | N80: 0 | O80: 0 | P80: 0 | Q80: 5 | R80: 0 | S80: 0 | T80: 0 | U80: 0 | V80: 0 | W80: 0 | X80: 0 | Y80: 0 | Z80: 0 | AA80: 0 | AB80: 0 | AC80: 0 | AD80: 0 | AE80: 0 | AF80: 0 | AG80: 0 | AH80: 0 | AI80: 0 | AJ80: 0 | AK80: 0 | AL80: 0 | AM80: 0 | AN80: 0 | AO80: 0 | AP80: 0 | AQ80: 0 | AR80: 0 | AS80: 0 | AT80: 0 | AU80: 0 | AV80: 0 | AW80: 0 | AX80: 0 | AY80: 0 | AZ80: 0 | BA80: 0
B81: 46052 | C81: Weisshorn | D81: 49BW5D | E81: 6688 | F81: 12 | G81: =F81*21 -> 252 | H81: =1-I81/G81 -> 0.99206349 | I81: =SUM(L81:BA81) -> 2 | J81: =K81/G81 -> 0.0079365079 | K81: =SUM(L81:U81) -> 2 | L81: 0 | M81: 1 | N81: 0 | O81: 0 | P81: 0 | Q81: 1 | R81: 0 | S81: 0 | T81: 0 | U81: 0 | V81: 0 | W81: 0 | X81: 0 | Y81: 0 | Z81: 0 | AA81: 0 | AB81: 0 | AC81: 0 | AD81: 0 | AE81: 0 | AF81: 0 | AG81: 0 | AH81: 0 | AI81: 0 | AJ81: 0 | AK81: 0 | AL81: 0 | AM81: 0 | AN81: 0 | AO81: 0 | AP81: 0 | AQ81: 0 | AR81: 0 | AS81: 0 | AT81: 0 | AU81: 0 | AV81: 0 | AW81: 0 | AX81: 0 | AY81: 0 | AZ81: 0 | BA81: 0
B82: 46052 | C82: Weisshorn | D82: 49BW5F | E82: 6494 | F82: 9 | G82: =F82*21 -> 189 | H82: =1-I82/G82 -> 1 | I82: =SUM(L82:BA82) -> 0 | J82: =K82/G82 -> 0 | K82: =SUM(L82:U82) -> 0 | L82: 0 | M82: 0 | N82: 0 | O82: 0 | P82: 0 | Q82: 0 | R82: 0 | S82: 0 | T82: 0 | U82: 0 | V82: 0 | W82: 0 | X82: 0 | Y82: 0 | Z82: 0 | AA82: 0 | AB82: 0 | AC82: 0 | AD82: 0 | AE82: 0 | AF82: 0 | AG82: 0 | AH82: 0 | AI82: 0 | AJ82: 0 | AK82: 0 | AL82: 0 | AM82: 0 | AN82: 0 | AO82: 0 | AP82: 0 | AQ82: 0 | AR82: 0 | AS82: 0 | AU82: 0 | AV82: 0 | AW82: 0 | AX82: 0 | AY82: 0 | AZ82: 0 | BA82: 0
B83: 46052 | C83: Weisshorn | D83: 51BW3JB002 | E83: 6601 | F83: 2 | G83: =F83*21 -> 42 | H83: =1-I83/G83 -> 1 | I83: =SUM(L83:BA83) -> 0 | J83: =K83/G83 -> 0 | K83: =SUM(L83:U83) -> 0 | L83: 0 | M83: 0 | N83: 0 | O83: 0 | P83: 0 | Q83: 0 | R83: 0 | S83: 0 | T83: 0 | U83: 0 | V83: 0 | W83: 0 | X83: 0 | Y83: 0 | Z83: 0 | AA83: 0 | AB83: 0 | AC83: 0 | AD83: 0 | AE83: 0 | AF83: 0 | AG83: 0 | AH83: 0 | AI83: 0 | AJ83: 0 | AK83: 0 | AL83: 0 | AM83: 0 | AN83: 0 | AO83: 0 | AP83: 0 | AQ83: 0 | AR83: 0 | AS83: 0 | AT83: 0 | AU83: 0 | AV83: 0 | AW83: 0 | AX83: 0 | AY83: 0 | AZ83: 0 | BA83: 0
B84: 46055 | C84: Weisshorn | D84: 51BW3J | E84: 6581 | F84: 10 | G84: =F84*21 -> 210 | H84: =1-I84/G84 -> 0.93809524 | I84: =SUM(L84:BA84) -> 13 | J84: =K84/G84 -> 0.061904762 | K84: =SUM(L84:U84) -> 13 | L84: 0 | M84: 0 | N84: 9 | O84: 0 | P84: 0 | Q84: 2 | R84: 0 | S84: 0 | T84: 2 | U84: 0 | V84: 0 | W84: 0 | X84: 0 | Y84: 0 | Z84: 0 | AA84: 0 | AB84: 0 | AC84: 0 | AD84: 0 | AE84: 0 | AF84: 0 | AG84: 0 | AH84: 0 | AI84: 0 | AJ84: 0 | AK84: 0 | AL84: 0 | AM84: 0 | AN84: 0 | AO84: 0 | AP84: 0 | AQ84: 0 | AR84: 0 | AS84: 0 | AT84: 0 | AU84: 0 | AV84: 0 | AW84: 0 | AX84: 0 | AY84: 0 | AZ84: 0 | BA84: 0
B85: 46055 | C85: Weisshorn | D85: 49BW5E | E85: 6494 | F85: 8 | G85: =F85*21 -> 168 | H85: =1-I85/G85 -> 0.98809524 | I85: =SUM(L85:BA85) -> 2 | J85: =K85/G85 -> 0.011904762 | K85: =SUM(L85:U85) -> 2 | L85: 0 | M85: 0 | N85: 0 | O85: 0 | P85: 0 | Q85: 0 | R85: 1 | S85: 1 | T85: 0 | U85: 0 | V85: 0 | W85: 0 | X85: 0 | Y85: 0 | Z85: 0 | AA85: 0 | AB85: 0 | AC85: 0 | AD85: 0 | AE85: 0 | AF85: 0 | AG85: 0 | AH85: 0 | AI85: 0 | AJ85: 0 | AK85: 0 | AL85: 0 | AM85: 0 | AN85: 0 | AO85: 0 | AP85: 0 | AQ85: 0 | AR85: 0 | AS85: 0 | AT85: 0 | AU85: 0 | AV85: 0 | AW85: 0 | AX85: 0 | AY85: 0 | AZ85: 0 | BA85: 0
B86: 46055 | C86: Weisshorn | D86: 51BW3J | E86: 6601 | F86: 10 | G86: =F86*21 -> 210 | H86: =1-I86/G86 -> 0.93809524 | I86: =SUM(L86:BA86) -> 13 | J86: =K86/G86 -> 0.038095238 | K86: =SUM(L86:U86) -> 8 | L86: 0 | M86: 0 | N86: 7 | O86: 0 | P86: 0 | Q86: 0 | R86: 0 | S86: 0 | T86: 1 | U86: 0 | V86: 0 | W86: 0 | X86: 0 | Y86: 0 | Z86: 0 | AA86: 0 | AB86: 0 | AC86: 0 | AD86: 0 | AE86: 0 | AF86: 0 | AG86: 0 | AH86: 0 | AI86: 0 | AJ86: 0 | AK86: 0 | AL86: 0 | AM86: 0 | AN86: 0 | AO86: 0 | AP86: 5 | AQ86: 0 | AR86: 0 | AS86: 0 | AT86: 0 | AU86: 0 | AV86: 0 | AW86: 0 | AX86: 0 | AY86: 0 | AZ86: 0 | BA86: 0
B87: 46056 | C87: Weisshorn | D87: 49BW5EB002 | E87: 6688 | F87: 1 | G87: =F87*21 -> 21 | H87: =1-I87/G87 -> 1 | I87: =SUM(L87:BA87) -> 0 | J87: =K87/G87 -> 0 | K87: =SUM(L87:U87) -> 0 | L87: 0 | M87: 0 | N87: 0 | O87: 0 | P87: 0 | Q87: 0 | R87: 0 | S87: 0 | T87: 0 | U87: 0 | V87: 0 | W87: 0 | X87: 0 | Y87: 0 | Z87: 0 | AA87: 0 | AB87: 0 | AC87: 0 | AD87: 0 | AE87: 0 | AF87: 0 | AG87: 0 | AH87: 0 | AI87: 0 | AJ87: 0 | AK87: 0 | AL87: 0 | AM87: 0 | AN87: 0 | AO87: 0 | AP87: 0 | AQ87: 0 | AR87: 0 | AS87: 0 | AT87: 0 | AU87: 0 | AV87: 0 | AW87: 0 | AX87: 0 | AY87: 0 | AZ87: 0 | BA87: 0
B88: 46056 | C88: Weisshorn | D88: 51BW3JB001 | E88: 6601 | F88: 1 | G88: =F88*21 -> 21 | H88: =1-I88/G88 -> 1 | I88: =SUM(L88:BA88) -> 0 | J88: =K88/G88 -> 0 | K88: =SUM(L88:U88) -> 0 | L88: 0 | M88: 0 | N88: 0 | O88: 0 | P88: 0 | Q88: 0 | R88: 0 | S88: 0 | T88: 0 | U88: 0 | V88: 0 | W88: 0 | X88: 0 | Y88: 0 | Z88: 0 | AA88: 0 | AB88: 0 | AC88: 0 | AD88: 0 | AE88: 0 | AF88: 0 | AG88: 0 | AH88: 0 | AI88: 0 | AJ88: 0 | AK88: 0 | AL88: 0 | AM88: 0 | AN88: 0 | AO88: 0 | AP88: 0 | AQ88: 0 | AR88: 0 | AS88: 0 | AT88: 0 | AU88: 0 | AV88: 0 | AW88: 0 | AX88: 0 | AY88: 0 | AZ88: 0 | BA88: 0
A89: W09 | B89: 46056 | C89: Weisshorn | D89: 49BW5EB001 | E89: 6366 | F89: 2 | G89: =F89*21 -> 42 | H89: =1-I89/G89 -> 0.97619048 | I89: =SUM(L89:AZ89) -> 1 | J89: =K89/G89 -> 0 | K89: =SUM(L89:U89) -> 0 | L89: 0 | M89: 0 | N89: 0 | O89: 0 | P89: 0 | Q89: 0 | R89: 0 | S89: 0 | T89: 0 | U89: 0 | V89: 0 | W89: 0 | X89: 0 | Y89: 0 | Z89: 0 | AA89: 0 | AB89: 0 | AC89: 0 | AD89: 0 | AE89: 0 | AF89: 0 | AG89: 0 | AH89: 0 | AI89: 0 | AJ89: 0 | AK89: 0 | AM89: 0 | AN89: 0 | AO89: 0 | AP89: 0 | AQ89: 0 | AR89: 0 | AS89: 0 | AT89: 0 | AU89: 1 | AV89: 0 | AW89: 0 | AX89: 0 | AY89: 0 | AZ89: 0 | BA89: 0
A90: W07 | B90: 46057 | C90: Weisshorn | D90: 51BW3K | E90: 6446 | F90: 13 | G90: =F90*21 -> 273 | H90: =1-I90/G90 -> 0.91941392 | I90: =SUM(L90:BA90) -> 22 | J90: =K90/G90 -> 0 | K90: =SUM(L90:U90) -> 0 | L90: 0 | M90: 0 | N90: 0 | O90: 0 | P90: 0 | Q90: 0 | R90: 0 | S90: 0 | T90: 0 | U90: 0 | V90: 0 | W90: 0 | X90: 0 | Y90: 0 | Z90: 0 | AA90: 0 | AB90: 0 | AC90: 0 | AD90: 0 | AE90: 0 | AF90: 0 | AG90: 0 | AH90: 0 | AI90: 22 | AJ90: 0 | AK90: 0 | AL90: 0 | AM90: 0 | AN90: 0 | AO90: 0 | AP90: 0 | AQ90: 0 | AR90: 0 | AS90: 0 | AT90: 0 | AU90: 0 | AV90: 0 | AW90: 0 | AX90: 0 | AY90: 0 | AZ90: 0 | BA90: 0
B91: 46057 | C91: Weisshorn | D91: 51BW3L | E91: 6446 | F91: 13 | G91: =F91*21 -> 273 | H91: =1-I91/G91 -> 0.91208791 | I91: =SUM(L91:BA91) -> 24 | J91: =K91/G91 -> 0 | K91: =SUM(L91:U91) -> 0 | L91: 0 | M91: 0 | N91: 0 | O91: 0 | P91: 0 | Q91: 0 | R91: 0 | S91: 0 | T91: 0 | U91: 0 | V91: 0 | W91: 0 | X91: 0 | Y91: 0 | Z91: 0 | AA91: 0 | AB91: 0 | AC91: 0 | AD91: 0 | AE91: 0 | AF91: 0 | AG91: 0 | AH91: 0 | AI91: 24 | AJ91: 0 | AK91: 0 | AL91: 0 | AM91: 0 | AN91: 0 | AO91: 0 | AP91: 0 | AQ91: 0 | AR91: 0 | AS91: 0 | AT91: 0 | AU91: 0 | AV91: 0 | AW91: 0 | AX91: 0 | AY91: 0 | AZ91: 0 | BA91: 0
B92: 46058 | C92: Weisshorn | D92: 33BW5MB003 | E92: 6688 | F92: 1 | G92: =F92*21 -> 21 | H92: =1-I92/G92 -> 1 | I92: =SUM(L92:BA92) -> 0 | J92: =K92/G92 -> 0 | K92: =SUM(L92:U92) -> 0 | L92: 0 | M92: 0 | N92: 0 | O92: 0 | P92: 0 | Q92: 0 | R92: 0 | S92: 0 | T92: 0 | U92: 0 | V92: 0 | W92: 0 | X92: 0 | Y92: 0 | Z92: 0 | AA92: 0 | AB92: 0 | AC92: 0 | AD92: 0 | AE92: 0 | AF92: 0 | AG92: 0 | AH92: 0 | AI92: 0 | AJ92: 0 | AK92: 0 | AL92: 0 | AM92: 0 | AN92: 0 | AO92: 0 | AP92: 0 | AQ92: 0 | AR92: 0 | AS92: 0 | AT92: 0 | AU92: 0 | AV92: 0 | AW92: 0 | AX92: 0 | AY92: 0 | AZ92: 0 | BA92: 0
B93: 46059 | C93: Weisshorn | D93: 51BW3JB001 | E93: 6688 | F93: 1 | G93: =F93*21 -> 21 | H93: =1-I93/G93 -> 1 | I93: =SUM(L93:BA93) -> 0 | J93: =K93/G93 -> 0 | K93: =SUM(L93:U93) -> 0 | L93: 0 | M93: 0 | N93: 0 | O93: 0 | P93: 0 | Q93: 0 | R93: 0 | S93: 0 | T93: 0 | U93: 0 | V93: 0 | W93: 0 | X93: 0 | Y93: 0 | Z93: 0 | AA93: 0 | AB93: 0 | AC93: 0 | AD93: 0 | AE93: 0 | AF93: 0 | AG93: 0 | AH93: 0 | AI93: 0 | AJ93: 0 | AK93: 0 | AL93: 0 | AM93: 0 | AN93: 0 | AO93: 0 | AP93: 0 | AQ93: 0 | AR93: 0 | AS93: 0 | AT93: 0 | AU93: 0 | AV93: 0 | AW93: 0 | AX93: 0 | AY93: 0 | AZ93: 0 | BA93: 0
B94: 46059 | C94: Weisshorn | D94: 51BW3JB002 | E94: 6688 | F94: 2 | G94: =F94*21 -> 42 | H94: =1-I94/G94 -> 1 | I94: =SUM(L94:BA94) -> 0 | J94: =K94/G94 -> 0 | K94: =SUM(L94:U94) -> 0 | L94: 0 | M94: 0 | N94: 0 | O94: 0 | P94: 0 | Q94: 0 | R94: 0 | S94: 0 | T94: 0 | U94: 0 | V94: 0 | W94: 0 | X94: 0 | Y94: 0 | Z94: 0 | AA94: 0 | AB94: 0 | AC94: 0 | AD94: 0 | AE94: 0 | AF94: 0 | AG94: 0 | AH94: 0 | AI94: 0 | AJ94: 0 | AK94: 0 | AL94: 0 | AM94: 0 | AN94: 0 | AO94: 0 | AP94: 0 | AQ94: 0 | AR94: 0 | AS94: 0 | AT94: 0 | AU94: 0 | AV94: 0 | AW94: 0 | AX94: 0 | AY94: 0 | AZ94: 0 | BA94: 0
B95: 46059 | C95: Weisshorn | D95: 49BW5FB001 | E95: 6688 | F95: 4 | G95: =F95*21 -> 84 | H95: =1-I95/G95 -> 0.98809524 | I95: =SUM(L95:BA95) -> 1 | J95: =K95/G95 -> 0.011904762 | K95: =SUM(L95:U95) -> 1 | L95: 0 | M95: 0 | N95: 0 | O95: 0 | P95: 0 | Q95: 1 | R95: 0 | S95: 0 | T95: 0 | U95: 0 | V95: 0 | W95: 0 | X95: 0 | Y95: 0 | Z95: 0 | AA95: 0 | AB95: 0 | AC95: 0 | AD95: 0 | AE95: 0 | AF95: 0 | AG95: 0 | AH95: 0 | AI95: 0 | AJ95: 0 | AK95: 0 | AL95: 0 | AM95: 0 | AN95: 0 | AO95: 0 | AP95: 0 | AQ95: 0 | AR95: 0 | AS95: 0 | AT95: 0 | AU95: 0 | AV95: 0 | AW95: 0 | AX95: 0 | AY95: 0 | AZ95: 0 | BA95: 0
B96: 46062 | C96: Weisshorn | D96: 49BW5FB001 | E96: 6494 | F96: 4 | G96: =F96*21 -> 84 | H96: =1-I96/G96 -> 0.98809524 | I96: =SUM(L96:BA96) -> 1 | J96: =K96/G96 -> 0.011904762 | K96: =SUM(L96:U96) -> 1 | L96: 0 | M96: 0 | N96: 0 | O96: 0 | P96: 0 | Q96: 1 | R96: 0 | S96: 0 | T96: 0 | U96: 0 | V96: 0 | W96: 0 | X96: 0 | Y96: 0 | Z96: 0 | AA96: 0 | AB96: 0 | AC96: 0 | AD96: 0 | AE96: 0 | AF96: 0 | AG96: 0 | AH96: 0 | AI96: 0 | AJ96: 0 | AK96: 0 | AL96: 0 | AM96: 0 | AN96: 0 | AO96: 0 | AP96: 0 | AQ96: 0 | AR96: 0 | AS96: 0 | AT96: 0 | AU96: 0 | AV96: 0 | AW96: 0 | AX96: 0 | AY96: 0 | AZ96: 0 | BA96: 0
B97: 46062 | C97: Weisshorn | D97: 49BW5EB002 | E97: 6494 | F97: 1 | G97: =F97*21 -> 21 | H97: =1-I97/G97 -> 1 | I97: =SUM(L97:BA97) -> 0 | J97: =K97/G97 -> 0 | K97: =SUM(L97:U97) -> 0 | L97: 0 | M97: 0 | N97: 0 | O97: 0 | P97: 0 | Q97: 0 | R97: 0 | S97: 0 | T97: 0 | U97: 0 | V97: 0 | W97: 0 | X97: 0 | Y97: 0 | Z97: 0 | AA97: 0 | AB97: 0 | AC97: 0 | AD97: 0 | AE97: 0 | AF97: 0 | AG97: 0 | AH97: 0 | AI97: 0 | AJ97: 0 | AK97: 0 | AL97: 0 | AM97: 0 | AN97: 0 | AO97: 0 | AP97: 0 | AQ97: 0 | AR97: 0 | AS97: 0 | AT97: 0 | AU97: 0 | AV97: 0 | AW97: 0 | AX97: 0 | AY97: 0 | AZ97: 0 | BA97: 0
B98: 46062 | C98: Weisshorn | D98: 51BW3JB001 | E98: 6494 | F98: 1 | G98: =F98*21 -> 21 | H98: =1-I98/G98 -> 1 | I98: =SUM(L98:BA98) -> 0 | J98: =K98/G98 -> 0 | K98: =SUM(L98:U98) -> 0 | L98: 0 | M98: 0 | N98: 0 | O98: 0 | P98: 0 | Q98: 0 | R98: 0 | S98: 0 | T98: 0 | U98: 0 | V98: 0 | W98: 0 | X98: 0 | Y98: 0 | Z98: 0 | AA98: 0 | AB98: 0 | AC98: 0 | AD98: 0 | AE98: 0 | AF98: 0 | AG98: 0 | AH98: 0 | AI98: 0 | AJ98: 0 | AK98: 0 | AL98: 0 | AM98: 0 | AN98: 0 | AO98: 0 | AP98: 0 | AQ98: 0 | AR98: 0 | AS98: 0 | AT98: 0 | AU98: 0 | AV98: 0 | AW98: 0 | AX98: 0 | AY98: 0 | AZ98: 0 | BA98: 0
B99: 46062 | C99: Weisshorn | D99: 51BW3HB001 | E99: 6446 | F99: 6 | G99: =F99*21 -> 126 | H99: =1-I99/G99 -> 0.96031746 | I99: =SUM(L99:BA99) -> 5 | J99: =K99/G99 -> 0 | K99: =SUM(L99:U99) -> 0 | L99: 0 | M99: 0 | N99: 0 | O99: 0 | P99: 0 | Q99: 0 | R99: 0 | S99: 0 | T99: 0 | U99: 0 | V99: 0 | W99: 0 | X99: 0 | Y99: 0 | Z99: 0 | AA99: 0 | AB99: 0 | AC99: 0 | AD99: 0 | AE99: 0 | AF99: 0 | AG99: 0 | AH99: 0 | AI99: 5 | AJ99: 0 | AK99: 0 | AL99: 0 | AM99: 0 | AN99: 0 | AO99: 0 | AP99: 0 | AQ99: 0 | AR99: 0 | AS99: 0 | AT99: 0 | AU99: 0 | AV99: 0 | AW99: 0 | AX99: 0 | AY99: 0 | AZ99: 0 | BA99: 0
B100: 46062 | C100: Weisshorn | D100: 49BW5EB001 | E100: 6446 | F100: 2 | G100: =F100*21 -> 42 | H100: =1-I100/G100 -> 1 | I100: =SUM(L100:BA100) -> 0 | J100: =K100/G100 -> 0 | K100: =SUM(L100:U100) -> 0 | L100: 0 | M100: 0 | N100: 0 | O100: 0 | P100: 0 | Q100: 0 | R100: 0 | S100: 0 | T100: 0 | U100: 0 | V100: 0 | W100: 0 | X100: 0 | Y100: 0 | Z100: 0 | AA100: 0 | AB100: 0 | AC100: 0 | AD100: 0 | AE100: 0 | AF100: 0 | AG100: 0 | AH100: 0 | AI100: 0 | AJ100: 0 | AK100: 0 | AL100: 0 | AM100: 0 | AN100: 0 | AO100: 0 | AP100: 0 | AQ100: 0 | AR100: 0 | AS100: 0 | AT100: 0 | AU100: 0 | AV100: 0 | AW100: 0 | AX100: 0 | AY100: 0 | AZ100: 0 | BA100: 0
...

Sheet lot merge AEI yield analysis 
A1: Week | B1: Date | C1: Device | D1: Lot | E1: Layer | F1: Qty | G1: Die | H1: yield | I1: All Defect | J1: Particle lost | K1: F18 | L1: Wait check | M1: PI Coat | N1: PI Cure | O1: PR Coat | P1: PR Exp | Q1: Sput | R1: Etch | S1: Final | T1: Recon | U1: FOUP | V1: F02 | W1: F03 | X1: F04 | Y1: F05 | Z1: F07 | AA1: F08 | AB1: F12 | AC1: F13 | AD1: F15 | AE1: F16 | AF1: F17 | AG1: F20 | AH1: Cu-S Abnormal | AI1: Small Via | AJ1: Glass particle | AK1: F21 | AL1: F22 | AM1: F23 | AN1: F27 | AO1: F30 | AP1: F61 | AQ1: F68 | AR1: F69 | AS1: F70 | AT1: F71 | AU1: F72 | AV1: F74 | AW1: F77 | AX1: F94 | AY1: 備註
B2: 46168 | C2: Weisshorn | D2: 15BW42B003 | E2: L3 | F2: 3 | G2: =F2*21 -> 63 | H2: =1-I2/G2 -> 0.98412698 | I2: =SUM(L2:AX2) -> 1 | J2: =K2/G2 -> 0 | K2: =SUM(L2:U2) -> 0 | L2: 0 | M2: 0 | N2: 0 | O2: 0 | P2: 0 | Q2: 0 | R2: 0 | S2: 0 | T2: 0 | U2: 0 | V2: 0 | W2: 0 | X2: 0 | Y2: 0 | Z2: 0 | AA2: 0 | AB2: 0 | AC2: 0 | AD2: 0 | AE2: 0 | AF2: 0 | AG2: 0 | AH2: 0 | AI2: 1 | AJ2: 0 | AK2: 0 | AL2: 0 | AM2: 0 | AN2: 0 | AO2: 0 | AP2: 0 | AQ2: 0 | AR2: 0 | AS2: 0 | AT2: 0 | AU2: 0 | AV2: 0 | AW2: 0 | AX2: 0
B3: 46168 | C3: Weisshorn | D3: 15BW49B001 | E3: L3 | F3: 3 | G3: =F3*21 -> 63 | H3: =1-I3/G3 -> 0.98412698 | I3: =SUM(L3:AX3) -> 1 | J3: =K3/G3 -> 0.015873016 | K3: =SUM(L3:U3) -> 1 | L3: 0 | M3: 0 | N3: 0 | O3: 0 | P3: 0 | Q3: 1 | R3: 0 | S3: 0 | T3: 0 | U3: 0 | V3: 0 | W3: 0 | X3: 0 | Y3: 0 | Z3: 0 | AA3: 0 | AB3: 0 | AC3: 0 | AD3: 0 | AE3: 0 | AF3: 0 | AG3: 0 | AH3: 0 | AI3: 0 | AJ3: 0 | AK3: 0 | AL3: 0 | AM3: 0 | AN3: 0 | AO3: 0 | AP3: 0 | AQ3: 0 | AR3: 0 | AS3: 0 | AT3: 0 | AU3: 0 | AV3: 0 | AW3: 0 | AX3: 0
B4: 46168 | C4: Weisshorn | D4: 16BW65 | E4: L3 | F4: 3 | G4: =F4*21 -> 63 | H4: =1-I4/G4 -> 1 | I4: =SUM(L4:AX4) -> 0 | J4: =K4/G4 -> 0 | K4: =SUM(L4:U4) -> 0 | L4: 0 | M4: 0 | N4: 0 | O4: 0 | P4: 0 | Q4: 0 | R4: 0 | S4: 0 | T4: 0 | U4: 0 | V4: 0 | W4: 0 | X4: 0 | Y4: 0 | Z4: 0 | AA4: 0 | AB4: 0 | AC4: 0 | AD4: 0 | AE4: 0 | AF4: 0 | AG4: 0 | AH4: 0 | AI4: 0 | AJ4: 0 | AK4: 0 | AL4: 0 | AM4: 0 | AN4: 0 | AO4: 0 | AP4: 0 | AQ4: 0 | AR4: 0 | AS4: 0 | AT4: 0 | AU4: 0 | AV4: 0 | AW4: 0 | AX4: 0 | AY4: 6688 扣過量 #11 (0,2)
B5: 46168 | C5: Weisshorn | D5: 04BW1NB002 | E5: L2 | F5: 2 | G5: =F5*21 -> 42 | H5: =1-I5/G5 -> 0.97619048 | I5: =SUM(L5:AX5) -> 1 | J5: =K5/G5 -> 0.023809524 | K5: =SUM(L5:U5) -> 1 | L5: 0 | M5: 0 | N5: 1 | O5: 0 | P5: 0 | Q5: 0 | R5: 0 | S5: 0 | T5: 0 | U5: 0 | V5: 0 | W5: 0 | X5: 0 | Y5: 0 | Z5: 0 | AA5: 0 | AB5: 0 | AC5: 0 | AD5: 0 | AE5: 0 | AF5: 0 | AG5: 0 | AH5: 0 | AI5: 0 | AJ5: 0 | AK5: 0 | AL5: 0 | AM5: 0 | AN5: 0 | AO5: 0 | AP5: 0 | AQ5: 0 | AR5: 0 | AS5: 0 | AT5: 0 | AU5: 0 | AV5: 0 | AW5: 0 | AX5: 0
B6: 46168 | C6: Weisshorn | D6: 17BW28B001 | E6: L1 | F6: 1 | G6: =F6*21 -> 21 | H6: =1-I6/G6 -> 1 | I6: =SUM(L6:AX6) -> 0 | J6: =K6/G6 -> 0 | K6: =SUM(L6:U6) -> 0 | L6: 0 | M6: 0 | N6: 0 | O6: 0 | P6: 0 | Q6: 0 | R6: 0 | S6: 0 | T6: 0 | U6: 0 | V6: 0 | W6: 0 | X6: 0 | Y6: 0 | Z6: 0 | AA6: 0 | AB6: 0 | AC6: 0 | AD6: 0 | AE6: 0 | AF6: 0 | AG6: 0 | AH6: 0 | AI6: 0 | AJ6: 0 | AK6: 0 | AL6: 0 | AM6: 0 | AN6: 0 | AO6: 0 | AP6: 0 | AQ6: 0 | AR6: 0 | AS6: 0 | AT6: 0 | AU6: 0 | AV6: 0 | AW6: 0 | AX6: 0
B7: 46168 | C7: Weisshorn | D7: 17BW28 | E7: L1 | F7: 3 | G7: =F7*21 -> 63 | H7: =1-I7/G7 -> 1 | I7: =SUM(L7:AX7) -> 0 | J7: =K7/G7 -> 0 | K7: =SUM(L7:U7) -> 0 | L7: 0 | M7: 0 | N7: 0 | O7: 0 | P7: 0 | Q7: 0 | R7: 0 | S7: 0 | T7: 0 | U7: 0 | V7: 0 | W7: 0 | X7: 0 | Y7: 0 | Z7: 0 | AA7: 0 | AB7: 0 | AC7: 0 | AD7: 0 | AE7: 0 | AF7: 0 | AG7: 0 | AH7: 0 | AI7: 0 | AJ7: 0 | AK7: 0 | AL7: 0 | AM7: 0 | AN7: 0 | AO7: 0 | AP7: 0 | AQ7: 0 | AR7: 0 | AS7: 0 | AT7: 0 | AU7: 0 | AV7: 0 | AW7: 0 | AX7: 0
A8: W23 | B8: 46169 | C8: Weisshorn | D8: 15BW53B002 | E8: L3 | F8: 1 | G8: =F8*21 -> 21 | H8: =1-I8/G8 -> 0.9047619 | I8: =SUM(L8:AX8) -> 2 | J8: =K8/G8 -> 0 | K8: =SUM(L8:U8) -> 0 | L8: 0 | M8: 0 | N8: 0 | O8: 0 | P8: 0 | Q8: 0 | R8: 0 | S8: 0 | T8: 0 | U8: 0 | V8: 0 | W8: 0 | X8: 2 | Y8: 0 | Z8: 0 | AA8: 0 | AB8: 0 | AC8: 0 | AD8: 0 | AE8: 0 | AF8: 0 | AG8: 0 | AH8: 0 | AI8: 0 | AJ8: 0 | AK8: 0 | AL8: 0 | AM8: 0 | AN8: 0 | AO8: 0 | AP8: 0 | AQ8: 0 | AR8: 0 | AS8: 0 | AT8: 0 | AU8: 0 | AV8: 0 | AW8: 0 | AX8: 0
B9: 46169 | C9: Weisshorn | D9: 16BW75B001 | E9: L3 | F9: 1 | G9: =F9*21 -> 21 | H9: =1-I9/G9 -> 0.95238095 | I9: =SUM(L9:AX9) -> 1 | J9: =K9/G9 -> 0 | K9: =SUM(L9:U9) -> 0 | L9: 0 | M9: 0 | N9: 0 | O9: 0 | P9: 0 | Q9: 0 | R9: 0 | S9: 0 | T9: 0 | U9: 0 | V9: 0 | W9: 0 | X9: 1 | Y9: 0 | Z9: 0 | AA9: 0 | AB9: 0 | AC9: 0 | AD9: 0 | AE9: 0 | AF9: 0 | AG9: 0 | AH9: 0 | AI9: 0 | AJ9: 0 | AK9: 0 | AL9: 0 | AM9: 0 | AN9: 0 | AO9: 0 | AP9: 0 | AQ9: 0 | AR9: 0 | AS9: 0 | AT9: 0 | AU9: 0 | AV9: 0 | AW9: 0 | AX9: 0
B10: 46169 | C10: Weisshorn | D10: 16BW73B001 | E10: L2 | F10: 1 | G10: =F10*21 -> 21 | H10: =1-I10/G10 -> 0.9047619 | I10: =SUM(L10:AX10) -> 2 | J10: =K10/G10 -> 0.095238095 | K10: =SUM(L10:U10) -> 2 | L10: 0 | M10: 0 | N10: 0 | O10: 0 | P10: 2 | Q10: 0 | R10: 0 | S10: 0 | T10: 0 | U10: 0 | V10: 0 | W10: 0 | X10: 0 | Y10: 0 | Z10: 0 | AA10: 0 | AB10: 0 | AC10: 0 | AD10: 0 | AE10: 0 | AF10: 0 | AG10: 0 | AH10: 0 | AI10: 0 | AJ10: 0 | AK10: 0 | AL10: 0 | AM10: 0 | AN10: 0 | AO10: 0 | AP10: 0 | AQ10: 0 | AR10: 0 | AS10: 0 | AT10: 0 | AU10: 0 | AV10: 0 | AW10: 0 | AX10: 0
B11: 46169 | C11: Weisshorn | D11: 15BW52 | E11: L3 | F11: 1 | G11: =F11*21 -> 21 | H11: =1-I11/G11 -> 1 | I11: =SUM(L11:AX11) -> 0 | J11: =K11/G11 -> 0 | K11: =SUM(L11:U11) -> 0 | L11: 0 | M11: 0 | N11: 0 | O11: 0 | P11: 0 | Q11: 0 | R11: 0 | S11: 0 | T11: 0 | U11: 0 | V11: 0 | W11: 0 | X11: 0 | Y11: 0 | Z11: 0 | AA11: 0 | AB11: 0 | AC11: 0 | AD11: 0 | AE11: 0 | AF11: 0 | AG11: 0 | AH11: 0 | AI11: 0 | AJ11: 0 | AK11: 0 | AL11: 0 | AM11: 0 | AN11: 0 | AO11: 0 | AP11: 0 | AQ11: 0 | AR11: 0 | AS11: 0 | AT11: 0 | AU11: 0 | AV11: 0 | AW11: 0 | AX11: 0
B12: 46169 | C12: Weisshorn | D12: 16BW64 | E12: L3 | F12: 1 | G12: =F12*21 -> 21 | H12: =1-I12/G12 -> 1 | I12: =SUM(L12:AX12) -> 0 | J12: =K12/G12 -> 0 | K12: =SUM(L12:U12) -> 0 | L12: 0 | M12: 0 | N12: 0 | O12: 0 | P12: 0 | Q12: 0 | R12: 0 | S12: 0 | T12: 0 | U12: 0 | V12: 0 | W12: 0 | X12: 0 | Y12: 0 | Z12: 0 | AA12: 0 | AB12: 0 | AC12: 0 | AD12: 0 | AE12: 0 | AF12: 0 | AG12: 0 | AH12: 0 | AI12: 0 | AJ12: 0 | AK12: 0 | AL12: 0 | AM12: 0 | AN12: 0 | AO12: 0 | AP12: 0 | AQ12: 0 | AR12: 0 | AS12: 0 | AT12: 0 | AU12: 0 | AV12: 0 | AW12: 0 | AX12: 0
B13: 46169 | C13: Weisshorn | D13: 16BW72 | E13: L3 | F13: 1 | G13: =F13*21 -> 21 | H13: =1-I13/G13 -> 1 | I13: =SUM(L13:AX13) -> 0 | J13: =K13/G13 -> 0 | K13: =SUM(L13:U13) -> 0 | L13: 0 | M13: 0 | N13: 0 | O13: 0 | P13: 0 | Q13: 0 | R13: 0 | S13: 0 | T13: 0 | U13: 0 | V13: 0 | W13: 0 | X13: 0 | Y13: 0 | Z13: 0 | AA13: 0 | AB13: 0 | AC13: 0 | AD13: 0 | AE13: 0 | AF13: 0 | AG13: 0 | AH13: 0 | AI13: 0 | AJ13: 0 | AK13: 0 | AL13: 0 | AM13: 0 | AN13: 0 | AO13: 0 | AP13: 0 | AQ13: 0 | AR13: 0 | AS13: 0 | AT13: 0 | AU13: 0 | AV13: 0 | AW13: 0 | AX13: 0
B14: 46169 | C14: Weisshorn | D14: 15BW52B001 | E14: L3 | F14: 1 | G14: =F14*21 -> 21 | H14: =1-I14/G14 -> 1 | I14: =SUM(L14:AX14) -> 0 | J14: =K14/G14 -> 0 | K14: =SUM(L14:U14) -> 0 | L14: 0 | M14: 0 | N14: 0 | O14: 0 | P14: 0 | Q14: 0 | R14: 0 | S14: 0 | T14: 0 | U14: 0 | V14: 0 | W14: 0 | X14: 0 | Y14: 0 | Z14: 0 | AA14: 0 | AB14: 0 | AC14: 0 | AD14: 0 | AE14: 0 | AF14: 0 | AG14: 0 | AH14: 0 | AI14: 0 | AJ14: 0 | AK14: 0 | AL14: 0 | AM14: 0 | AN14: 0 | AO14: 0 | AP14: 0 | AQ14: 0 | AR14: 0 | AS14: 0 | AT14: 0 | AU14: 0 | AV14: 0 | AW14: 0 | AX14: 0
B15: 46170 | C15: Weisshorn | D15: 15BW46B002 | E15: L3 | F15: 2 | G15: =F15*21 -> 42 | H15: =1-I15/G15 -> 0.97619048 | I15: =SUM(L15:AX15) -> 1 | J15: =K15/G15 -> 0 | K15: =SUM(L15:U15) -> 0 | L15: 0 | M15: 0 | N15: 0 | O15: 0 | P15: 0 | Q15: 0 | R15: 0 | S15: 0 | T15: 0 | U15: 0 | V15: 0 | W15: 0 | X15: 0 | Y15: 0 | Z15: 0 | AA15: 1 | AB15: 0 | AC15: 0 | AD15: 0 | AE15: 0 | AF15: 0 | AG15: 0 | AH15: 0 | AI15: 0 | AJ15: 0 | AK15: 0 | AL15: 0 | AM15: 0 | AN15: 0 | AO15: 0 | AP15: 0 | AQ15: 0 | AR15: 0 | AS15: 0 | AT15: 0 | AU15: 0 | AV15: 0 | AW15: 0 | AX15: 0
B16: 46170 | C16: Weisshorn | D16: 15BW46B003 | E16: L3 | F16: 5 | G16: =F16*21 -> 105 | H16: =1-I16/G16 -> 0.95238095 | I16: =SUM(L16:AX16) -> 5 | J16: =K16/G16 -> 0.047619048 | K16: =SUM(L16:U16) -> 5 | L16: 0 | M16: 5 | N16: 0 | O16: 0 | P16: 0 | Q16: 0 | R16: 0 | S16: 0 | T16: 0 | U16: 0 | V16: 0 | W16: 0 | X16: 0 | Y16: 0 | Z16: 0 | AA16: 0 | AB16: 0 | AC16: 0 | AD16: 0 | AE16: 0 | AF16: 0 | AG16: 0 | AH16: 0 | AI16: 0 | AJ16: 0 | AK16: 0 | AL16: 0 | AM16: 0 | AN16: 0 | AO16: 0 | AP16: 0 | AQ16: 0 | AR16: 0 | AS16: 0 | AT16: 0 | AU16: 0 | AV16: 0 | AW16: 0 | AX16: 0
B17: 46170 | C17: Weisshorn | D17: 15BW50B001 | E17: L3 | F17: 1 | G17: =F17*21 -> 21 | H17: =1-I17/G17 -> 0.95238095 | I17: =SUM(L17:AX17) -> 1 | J17: =K17/G17 -> 0.047619048 | K17: =SUM(L17:U17) -> 1 | L17: 0 | M17: 1 | N17: 0 | O17: 0 | P17: 0 | Q17: 0 | R17: 0 | S17: 0 | T17: 0 | U17: 0 | V17: 0 | W17: 0 | X17: 0 | Y17: 0 | Z17: 0 | AA17: 0 | AB17: 0 | AC17: 0 | AD17: 0 | AE17: 0 | AF17: 0 | AG17: 0 | AH17: 0 | AI17: 0 | AJ17: 0 | AK17: 0 | AL17: 0 | AM17: 0 | AN17: 0 | AO17: 0 | AP17: 0 | AQ17: 0 | AR17: 0 | AS17: 0 | AT17: 0 | AU17: 0 | AV17: 0 | AW17: 0 | AX17: 0
B18: 46170 | C18: Weisshorn | D18: 16BW73B001 | E18: L3 | F18: 1 | G18: =F18*21 -> 21 | H18: =1-I18/G18 -> 1 | I18: =SUM(L18:AX18) -> 0 | J18: =K18/G18 -> 0 | K18: =SUM(L18:U18) -> 0 | L18: 0 | M18: 0 | N18: 0 | O18: 0 | P18: 0 | Q18: 0 | R18: 0 | S18: 0 | T18: 0 | U18: 0 | V18: 0 | W18: 0 | X18: 0 | Y18: 0 | Z18: 0 | AA18: 0 | AB18: 0 | AC18: 0 | AD18: 0 | AE18: 0 | AF18: 0 | AG18: 0 | AH18: 0 | AI18: 0 | AJ18: 0 | AK18: 0 | AL18: 0 | AM18: 0 | AN18: 0 | AO18: 0 | AP18: 0 | AQ18: 0 | AR18: 0 | AS18: 0 | AT18: 0 | AU18: 0 | AV18: 0 | AW18: 0 | AX18: 0
B19: 46170 | C19: Weisshorn | D19: 17BW31B001 | E19: L3 | F19: 1 | G19: =F19*21 -> 21 | H19: =1-I19/G19 -> 0.95238095 | I19: =SUM(L19:AX19) -> 1 | J19: =K19/G19 -> 0 | K19: =SUM(L19:U19) -> 0 | L19: 0 | M19: 0 | N19: 0 | O19: 0 | P19: 0 | Q19: 0 | R19: 0 | S19: 0 | T19: 0 | U19: 0 | V19: 0 | W19: 0 | X19: 0 | Y19: 0 | Z19: 0 | AA19: 1 | AB19: 0 | AC19: 0 | AD19: 0 | AE19: 0 | AF19: 0 | AG19: 0 | AH19: 0 | AI19: 0 | AJ19: 0 | AK19: 0 | AL19: 0 | AM19: 0 | AN19: 0 | AO19: 0 | AP19: 0 | AQ19: 0 | AR19: 0 | AS19: 0 | AT19: 0 | AU19: 0 | AV19: 0 | AW19: 0 | AX19: 0
B20: 46170 | C20: Weisshorn | D20: 17BW88 | E20: L3 | F20: 1 | G20: =F20*21 -> 21 | H20: =1-I20/G20 -> 1 | I20: =SUM(L20:AX20) -> 0 | J20: =K20/G20 -> 0 | K20: =SUM(L20:U20) -> 0 | L20: 0 | M20: 0 | N20: 0 | O20: 0 | P20: 0 | Q20: 0 | R20: 0 | S20: 0 | T20: 0 | U20: 0 | V20: 0 | W20: 0 | X20: 0 | Y20: 0 | Z20: 0 | AA20: 0 | AB20: 0 | AC20: 0 | AD20: 0 | AE20: 0 | AF20: 0 | AG20: 0 | AH20: 0 | AI20: 0 | AJ20: 0 | AK20: 0 | AL20: 0 | AM20: 0 | AN20: 0 | AO20: 0 | AP20: 0 | AQ20: 0 | AR20: 0 | AS20: 0 | AT20: 0 | AU20: 0 | AV20: 0 | AW20: 0 | AX20: 0
... B23: 46174 | C23: Weisshorn | D23: 17BW30 | E23: L3 | F23: 1 | G23: =F23*21 -> 21 | H23: =1-I23/G23 -> 1 | I23: =SUM(L23:AX23) -> 0 | J23: =K23/G23 -> 0 | K23: =SUM(L23:U23) -> 0 | L23: 0 | M23: 0 | N23: 0 | O23: 0 | P23: 0 | Q23: 0 | R23: 0 | S23: 0 | T23: 0 | U23: 0 | V23: 0 | W23: 0 | X23: 0 | Y23: 0 | Z23: 0 | AA23: 0 | AB23: 0 | AC23: 0 | AD23: 0 | AE23: 0 | AF23: 0 | AG23: 0 | AH23: 0 | AI23: 0 | AJ23: 0 | AK23: 0 | AL23: 0 | AM23: 0 | AN23: 0 | AO23: 0 | AP23: 0 | AQ23: 0 | AR23: 0 | AS23: 0 | AT23: 0 | AU23: 0 | AV23: 0 | AW23: 0 | AX23: 0
B24: 46174 | C24: Weisshorn | D24: 15BW46B004 | E24: L2 | F24: 1 | G24: =F24*21 -> 21 | H24: =1-I24/G24 -> 1 | I24: =SUM(L24:AX24) -> 0 | J24: =K24/G24 -> 0 | K24: =SUM(L24:U24) -> 0 | L24: 0 | M24: 0 | N24: 0 | O24: 0 | P24: 0 | Q24: 0 | R24: 0 | S24: 0 | T24: 0 | U24: 0 | V24: 0 | W24: 0 | X24: 0 | Y24: 0 | Z24: 0 | AA24: 0 | AB24: 0 | AC24: 0 | AD24: 0 | AE24: 0 | AF24: 0 | AG24: 0 | AH24: 0 | AI24: 0 | AJ24: 0 | AK24: 0 | AL24: 0 | AM24: 0 | AN24: 0 | AO24: 0 | AP24: 0 | AQ24: 0 | AR24: 0 | AS24: 0 | AT24: 0 | AU24: 0 | AV24: 0 | AW24: 0 | AX24: 0 | AY24: 5/13 API2 PI Cure*2 Final*2
B25: 46174 | C25: Weisshorn | D25: 15BW50B002 | E25: L2 | F25: 1 | G25: =F25*21 -> 21 | H25: =1-I25/G25 -> 1 | I25: =SUM(L25:AX25) -> 0 | J25: =K25/G25 -> 0 | K25: =SUM(L25:U25) -> 0 | L25: 0 | M25: 0 | N25: 0 | O25: 0 | P25: 0 | Q25: 0 | R25: 0 | S25: 0 | T25: 0 | U25: 0 | V25: 0 | W25: 0 | X25: 0 | Y25: 0 | Z25: 0 | AA25: 0 | AB25: 0 | AC25: 0 | AD25: 0 | AE25: 0 | AF25: 0 | AG25: 0 | AH25: 0 | AI25: 0 | AJ25: 0 | AK25: 0 | AL25: 0 | AM25: 0 | AN25: 0 | AO25: 0 | AP25: 0 | AQ25: 0 | AR25: 0 | AS25: 0 | AT25: 0 | AU25: 0 | AV25: 0 | AW25: 0 | AX25: 0
B26: 46174 | C26: Weisshorn | D26: 16BW93B002 | E26: L2 | F26: 1 | G26: =F26*21 -> 21 | H26: =1-I26/G26 -> 0.95238095 | I26: =SUM(L26:AX26) -> 1 | J26: =K26/G26 -> 0.047619048 | K26: =SUM(L26:U26) -> 1 | L26: 0 | M26: 0 | N26: 0 | O26: 1 | P26: 0 | Q26: 0 | R26: 0 | S26: 0 | T26: 0 | U26: 0 | V26: 0 | W26: 0 | X26: 0 | Y26: 0 | Z26: 0 | AA26: 0 | AB26: 0 | AC26: 0 | AD26: 0 | AE26: 0 | AF26: 0 | AG26: 0 | AH26: 0 | AI26: 0 | AJ26: 0 | AK26: 0 | AL26: 0 | AM26: 0 | AN26: 0 | AO26: 0 | AP26: 0 | AQ26: 0 | AR26: 0 | AS26: 0 | AT26: 0 | AU26: 0 | AV26: 0 | AW26: 0 | AX26: 0
B27: 46174 | C27: Weisshorn | D27: 17BW28 | E27: L2 | F27: 3 | G27: =F27*21 -> 63 | H27: =1-I27/G27 -> 1 | I27: =SUM(L27:AX27) -> 0 | J27: =K27/G27 -> 0 | K27: =SUM(L27:U27) -> 0 | L27: 0 | M27: 0 | N27: 0 | O27: 0 | P27: 0 | Q27: 0 | R27: 0 | S27: 0 | T27: 0 | U27: 0 | V27: 0 | W27: 0 | X27: 0 | Y27: 0 | Z27: 0 | AA27: 0 | AB27: 0 | AC27: 0 | AD27: 0 | AE27: 0 | AF27: 0 | AG27: 0 | AH27: 0 | AI27: 0 | AJ27: 0 | AK27: 0 | AL27: 0 | AM27: 0 | AN27: 0 | AO27: 0 | AP27: 0 | AQ27: 0 | AR27: 0 | AS27: 0 | AT27: 0 | AU27: 0 | AV27: 0 | AW27: 0 | AX27: 0
B28: 46176 | C28: Weisshorn | D28: 15BW43B003 | E28: L3 | F28: 1 | G28: =F28*21 -> 21 | H28: =1-I28/G28 -> 0.95238095 | I28: =SUM(L28:AX28) -> 1 | J28: =K28/G28 -> 0 | K28: =SUM(L28:U28) -> 0 | L28: 0 | M28: 0 | N28: 0 | O28: 0 | P28: 0 | Q28: 0 | R28: 0 | S28: 0 | T28: 0 | U28: 0 | V28: 0 | W28: 0 | X28: 0 | Y28: 0 | Z28: 0 | AA28: 1 | AB28: 0 | AC28: 0 | AD28: 0 | AE28: 0 | AF28: 0 | AG28: 0 | AH28: 0 | AI28: 0 | AJ28: 0 | AK28: 0 | AL28: 0 | AM28: 0 | AN28: 0 | AO28: 0 | AP28: 0 | AQ28: 0 | AR28: 0 | AS28: 0 | AT28: 0 | AU28: 0 | AV28: 0 | AW28: 0 | AX28: 0
B29: 46176 | C29: Weisshorn | D29: 17BW30B001 | E29: L1 | F29: 2 | G29: =F29*21 -> 42 | H29: =1-I29/G29 -> 1 | I29: =SUM(L29:AX29) -> 0 | J29: =K29/G29 -> 0 | K29: =SUM(L29:U29) -> 0 | L29: 0 | M29: 0 | N29: 0 | O29: 0 | P29: 0 | Q29: 0 | R29: 0 | S29: 0 | T29: 0 | U29: 0 | V29: 0 | W29: 0 | X29: 0 | Y29: 0 | Z29: 0 | AA29: 0 | AB29: 0 | AC29: 0 | AD29: 0 | AE29: 0 | AF29: 0 | AG29: 0 | AH29: 0 | AI29: 0 | AJ29: 0 | AK29: 0 | AL29: 0 | AM29: 0 | AN29: 0 | AO29: 0 | AP29: 0 | AQ29: 0 | AR29: 0 | AS29: 0 | AT29: 0 | AU29: 0 | AV29: 0 | AW29: 0 | AX29: 0
A30: W24 | B30: 46177 | C30: Weisshorn | D30: 16BW74B001 | E30: L3 | F30: 2 | G30: =F30*21 -> 42 | H30: =1-I30/G30 -> 1 | I30: =SUM(L30:AX30) -> 0 | J30: =K30/G30 -> 0 | K30: =SUM(L30:U30) -> 0 | L30: 0 | M30: 0 | N30: 0 | O30: 0 | P30: 0 | Q30: 0 | R30: 0 | S30: 0 | T30: 0 | U30: 0 | V30: 0 | W30: 0 | X30: 0 | Y30: 0 | Z30: 0 | AA30: 0 | AB30: 0 | AC30: 0 | AD30: 0 | AE30: 0 | AF30: 0 | AG30: 0 | AH30: 0 | AI30: 0 | AJ30: 0 | AK30: 0 | AL30: 0 | AM30: 0 | AN30: 0 | AO30: 0 | AP30: 0 | AQ30: 0 | AR30: 0 | AS30: 0 | AT30: 0 | AU30: 0 | AV30: 0 | AW30: 0 | AX30: 0
B31: 46177 | C31: Weisshorn | D31: 16BW64B001 | E31: L2 | F31: 1 | G31: =F31*21 -> 21 | H31: =1-I31/G31 -> 1 | I31: =SUM(L31:AX31) -> 0 | J31: =K31/G31 -> 0 | K31: =SUM(L31:U31) -> 0 | L31: 0 | M31: 0 | N31: 0 | O31: 0 | P31: 0 | Q31: 0 | R31: 0 | S31: 0 | T31: 0 | U31: 0 | V31: 0 | W31: 0 | X31: 0 | Y31: 0 | Z31: 0 | AA31: 0 | AB31: 0 | AC31: 0 | AD31: 0 | AE31: 0 | AF31: 0 | AG31: 0 | AH31: 0 | AI31: 0 | AJ31: 0 | AK31: 0 | AL31: 0 | AM31: 0 | AN31: 0 | AO31: 0 | AP31: 0 | AQ31: 0 | AR31: 0 | AS31: 0 | AT31: 0 | AU31: 0 | AV31: 0 | AW31: 0 | AX31: 0
B32: 46178 | C32: Weisshorn | D32: 15BW45 | E32: L3 | F32: 6 | G32: =F32*21 -> 126 | H32: =1-I32/G32 -> 0.98412698 | I32: =SUM(L32:AX32) -> 2 | J32: =K32/G32 -> 0.0079365079 | K32: =SUM(L32:U32) -> 1 | L32: 0 | M32: 0 | N32: 1 | O32: 0 | P32: 0 | Q32: 0 | R32: 0 | S32: 0 | T32: 0 | U32: 0 | V32: 1 | W32: 0 | X32: 0 | Y32: 0 | Z32: 0 | AA32: 0 | AB32: 0 | AC32: 0 | AD32: 0 | AE32: 0 | AF32: 0 | AG32: 0 | AH32: 0 | AI32: 0 | AJ32: 0 | AK32: 0 | AL32: 0 | AM32: 0 | AN32: 0 | AO32: 0 | AP32: 0 | AQ32: 0 | AR32: 0 | AS32: 0 | AT32: 0 | AU32: 0 | AV32: 0 | AW32: 0 | AX32: 0
B33: 46178 | C33: Weisshorn | D33: 15BW50B002 | E33: L3 | F33: 1 | G33: =F33*21 -> 21 | H33: =1-I33/G33 -> 1 | I33: =SUM(L33:AX33) -> 0 | J33: =K33/G33 -> 0 | K33: =SUM(L33:U33) -> 0 | L33: 0 | M33: 0 | N33: 0 | O33: 0 | P33: 0 | Q33: 0 | R33: 0 | S33: 0 | T33: 0 | U33: 0 | V33: 0 | W33: 0 | X33: 0 | Y33: 0 | Z33: 0 | AA33: 0 | AB33: 0 | AC33: 0 | AD33: 0 | AE33: 0 | AF33: 0 | AG33: 0 | AH33: 0 | AI33: 0 | AJ33: 0 | AK33: 0 | AL33: 0 | AM33: 0 | AN33: 0 | AO33: 0 | AP33: 0 | AQ33: 0 | AR33: 0 | AS33: 0 | AT33: 0 | AU33: 0 | AV33: 0 | AW33: 0 | AX33: 0
B34: 46181 | C34: Weisshorn | D34: 04BW1N | E34: L1 | F34: 4 | G34: =F34*21 -> 84 | H34: =1-I34/G34 -> 1 | I34: =SUM(L34:AX34) -> 0 | J34: =K34/G34 -> 0 | K34: =SUM(L34:U34) -> 0 | L34: 0 | M34: 0 | N34: 0 | O34: 0 | P34: 0 | Q34: 0 | R34: 0 | S34: 0 | T34: 0 | U34: 0 | V34: 0 | W34: 0 | X34: 0 | Y34: 0 | Z34: 0 | AA34: 0 | AB34: 0 | AC34: 0 | AD34: 0 | AE34: 0 | AF34: 0 | AG34: 0 | AH34: 0 | AI34: 0 | AJ34: 0 | AK34: 0 | AL34: 0 | AM34: 0 | AN34: 0 | AO34: 0 | AP34: 0 | AQ34: 0 | AR34: 0 | AS34: 0 | AT34: 0 | AU34: 0 | AV34: 0 | AW34: 0 | AX34: 0
B35: 46181 | C35: Weisshorn | D35: 15BW45B001 | E35: L2 | F35: 6 | G35: =F35*21 -> 126 | H35: =1-I35/G35 -> 0.97619048 | I35: =SUM(L35:AX35) -> 3 | J35: =K35/G35 -> 0.023809524 | K35: =SUM(L35:U35) -> 3 | L35: 0 | M35: 0 | N35: 1 | O35: 0 | P35: 0 | Q35: 1 | R35: 0 | S35: 1 | T35: 0 | U35: 0 | V35: 0 | W35: 0 | X35: 0 | Y35: 0 | Z35: 0 | AA35: 0 | AB35: 0 | AC35: 0 | AD35: 0 | AE35: 0 | AF35: 0 | AG35: 0 | AH35: 0 | AI35: 0 | AJ35: 0 | AK35: 0 | AL35: 0 | AM35: 0 | AN35: 0 | AO35: 0 | AP35: 0 | AQ35: 0 | AR35: 0 | AS35: 0 | AT35: 0 | AU35: 0 | AV35: 0 | AW35: 0 | AX35: 0 | AY35: 6/4 API2 Sput*1
B36: 46181 | C36: Weisshorn | D36: 17BW28B002 | E36: L1 | F36: 1 | G36: =F36*21 -> 21 | H36: =1-I36/G36 -> 1 | I36: =SUM(L36:AX36) -> 0 | J36: =K36/G36 -> 0 | K36: =SUM(L36:U36) -> 0 | L36: 0 | M36: 0 | N36: 0 | O36: 0 | P36: 0 | Q36: 0 | R36: 0 | S36: 0 | T36: 0 | U36: 0 | V36: 0 | W36: 0 | X36: 0 | Y36: 0 | Z36: 0 | AA36: 0 | AB36: 0 | AC36: 0 | AD36: 0 | AE36: 0 | AF36: 0 | AG36: 0 | AH36: 0 | AI36: 0 | AJ36: 0 | AK36: 0 | AL36: 0 | AM36: 0 | AN36: 0 | AO36: 0 | AP36: 0 | AQ36: 0 | AR36: 0 | AS36: 0 | AT36: 0 | AU36: 0 | AV36: 0 | AW36: 0 | AX36: 0
B37: 46181 | C37: Weisshorn | D37: 17BW30B001 | E37: L2 | F37: 2 | G37: =F37*21 -> 42 | H37: =1-I37/G37 -> 1 | I37: =SUM(L37:AX37) -> 0 | J37: =K37/G37 -> 0 | K37: =SUM(L37:U37) -> 0 | L37: 0 | M37: 0 | N37: 0 | O37: 0 | P37: 0 | Q37: 0 | R37: 0 | S37: 0 | T37: 0 | U37: 0 | V37: 0 | W37: 0 | X37: 0 | Y37: 0 | Z37: 0 | AA37: 0 | AB37: 0 | AC37: 0 | AD37: 0 | AE37: 0 | AF37: 0 | AG37: 0 | AH37: 0 | AI37: 0 | AJ37: 0 | AK37: 0 | AL37: 0 | AM37: 0 | AN37: 0 | AO37: 0 | AP37: 0 | AQ37: 0 | AR37: 0 | AS37: 0 | AT37: 0 | AU37: 0 | AV37: 0 | AW37: 0 | AX37: 0
B38: 46182 | C38: Weisshorn | D38: 15BW45B002 | E38: L2 | F38: 1 | G38: =F38*21 -> 21 | H38: =1-I38/G38 -> 1 | I38: =SUM(L38:AX38) -> 0 | J38: =K38/G38 -> 0 | K38: =SUM(L38:U38) -> 0 | L38: 0 | M38: 0 | N38: 0 | O38: 0 | P38: 0 | Q38: 0 | R38: 0 | S38: 0 | T38: 0 | U38: 0 | V38: 0 | W38: 0 | X38: 0 | Y38: 0 | Z38: 0 | AA38: 0 | AB38: 0 | AC38: 0 | AD38: 0 | AE38: 0 | AF38: 0 | AG38: 0 | AH38: 0 | AI38: 0 | AJ38: 0 | AK38: 0 | AL38: 0 | AM38: 0 | AN38: 0 | AO38: 0 | AP38: 0 | AQ38: 0 | AR38: 0 | AS38: 0 | AT38: 0 | AU38: 0 | AV38: 0 | AW38: 0 | AX38: 0 | AY38: 6581 扣過量 #7 (3,0)
B39: 46182 | C39: Weisshorn | D39: 16BW74 | E39: L3 | F39: 4 | G39: =F39*21 -> 84 | H39: =1-I39/G39 -> 1 | I39: =SUM(L39:AX39) -> 0 | J39: =K39/G39 -> 0 | K39: =SUM(L39:U39) -> 0 | L39: 0 | M39: 0 | N39: 0 | O39: 0 | P39: 0 | Q39: 0 | R39: 0 | S39: 0 | T39: 0 | U39: 0 | V39: 0 | W39: 0 | X39: 0 | Y39: 0 | Z39: 0 | AA39: 0 | AB39: 0 | AC39: 0 | AD39: 0 | AE39: 0 | AF39: 0 | AG39: 0 | AH39: 0 | AI39: 0 | AJ39: 0 | AK39: 0 | AL39: 0 | AM39: 0 | AN39: 0 | AO39: 0 | AP39: 0 | AQ39: 0 | AR39: 0 | AS39: 0 | AT39: 0 | AU39: 0 | AV39: 0 | AW39: 0 | AX39: 0
B40: 46183 | C40: Weisshorn | D40: 16BW64B001 | E40: L3 | F40: 1 | G40: =F40*21 -> 21 | H40: =1-I40/G40 -> 1 | I40: =SUM(L40:AX40) -> 0 | J40: =K40/G40 -> 0 | K40: =SUM(L40:U40) -> 0 | L40: 0 | M40: 0 | N40: 0 | O40: 0 | P40: 0 | Q40: 0 | R40: 0 | S40: 0 | T40: 0 | U40: 0 | V40: 0 | W40: 0 | X40: 0 | Y40: 0 | Z40: 0 | AA40: 0 | AB40: 0 | AC40: 0 | AD40: 0 | AE40: 0 | AF40: 0 | AG40: 0 | AH40: 0 | AI40: 0 | AJ40: 0 | AK40: 0 | AL40: 0 | AM40: 0 | AN40: 0 | AO40: 0 | AP40: 0 | AQ40: 0 | AR40: 0 | AS40: 0 | AT40: 0 | AU40: 0 | AV40: 0 | AW40: 0 | AX40: 0
B41: 46183 | C41: Weisshorn | D41: 17BW28B001 | E41: L2 | F41: 1 | G41: =F41*21 -> 21 | H41: =1-I41/G41 -> 0.9047619 | I41: =SUM(L41:AX41) -> 2 | J41: =K41/G41 -> 0.047619048 | K41: =SUM(L41:U41) -> 1 | L41: 0 | M41: 0 | N41: 0 | O41: 0 | P41: 0 | Q41: 1 | R41: 0 | S41: 0 | T41: 0 | U41: 0 | V41: 0 | W41: 0 | X41: 0 | Y41: 0 | Z41: 0 | AA41: 0 | AB41: 0 | AC41: 0 | AD41: 0 | AE41: 0 | AF41: 0 | AG41: 0 | AH41: 1 | AI41: 0 | AJ41: 0 | AK41: 0 | AL41: 0 | AM41: 0 | AN41: 0 | AO41: 0 | AP41: 0 | AQ41: 0 | AR41: 0 | AS41: 0 | AT41: 0 | AU41: 0 | AV41: 0 | AW41: 0 | AX41: 0 | AY41: 6/10 API2 Sput*1
B42: 46183 | C42: Weisshorn | D42: 17BW28B002 | E42: L2 | F42: 1 | G42: =F42*21 -> 21 | H42: =1-I42/G42 -> 1 | I42: =SUM(L42:AX42) -> 0 | J42: =K42/G42 -> 0 | K42: =SUM(L42:U42) -> 0 | L42: 0 | M42: 0 | N42: 0 | O42: 0 | P42: 0 | Q42: 0 | R42: 0 | S42: 0 | T42: 0 | U42: 0 | V42: 0 | W42: 0 | X42: 0 | Y42: 0 | Z42: 0 | AA42: 0 | AB42: 0 | AC42: 0 | AD42: 0 | AE42: 0 | AF42: 0 | AG42: 0 | AH42: 0 | AI42: 0 | AJ42: 0 | AK42: 0 | AL42: 0 | AM42: 0 | AN42: 0 | AO42: 0 | AP42: 0 | AQ42: 0 | AR42: 0 | AS42: 0 | AT42: 0 | AU42: 0 | AV42: 0 | AW42: 0 | AX42: 0
B43: 46183 | C43: Weisshorn | D43: 16BW93B002 | E43: L3 | F43: 1 | G43: =F43*21 -> 21 | H43: =1-I43/G43 -> 1 | I43: =SUM(L43:AX43) -> 0 | J43: =K43/G43 -> 0 | K43: =SUM(L43:U43) -> 0 | L43: 0 | M43: 0 | N43: 0 | O43: 0 | P43: 0 | Q43: 0 | R43: 0 | S43: 0 | T43: 0 | U43: 0 | V43: 0 | W43: 0 | X43: 0 | Y43: 0 | Z43: 0 | AA43: 0 | AB43: 0 | AC43: 0 | AD43: 0 | AE43: 0 | AF43: 0 | AG43: 0 | AH43: 0 | AI43: 0 | AJ43: 0 | AK43: 0 | AL43: 0 | AM43: 0 | AN43: 0 | AO43: 0 | AP43: 0 | AQ43: 0 | AR43: 0 | AS43: 0 | AT43: 0 | AU43: 0 | AV43: 0 | AW43: 0 | AX43: 0
A44: W25 | B44: 46184 | C44: Weisshorn | D44: 17BW28 | E44: L3 | F44: 3 | G44: =F44*21 -> 63 | H44: =1-I44/G44 -> 1 | I44: =SUM(L44:AX44) -> 0 | J44: =K44/G44 -> 0 | K44: =SUM(L44:U44) -> 0 | L44: 0 | M44: 0 | N44: 0 | O44: 0 | P44: 0 | Q44: 0 | R44: 0 | S44: 0 | T44: 0 | U44: 0 | V44: 0 | W44: 0 | X44: 0 | Y44: 0 | Z44: 0 | AA44: 0 | AB44: 0 | AC44: 0 | AD44: 0 | AE44: 0 | AF44: 0 | AG44: 0 | AH44: 0 | AI44: 0 | AJ44: 0 | AK44: 0 | AL44: 0 | AM44: 0 | AN44: 0 | AO44: 0 | AP44: 0 | AQ44: 0 | AR44: 0 | AS44: 0 | AT44: 0 | AU44: 0 | AV44: 0 | AW44: 0 | AX44: 0
B45: 46188 | C45: Weisshorn | D45: 15BW45B001 | E45: L3 | F45: 6 | G45: =F45*21 -> 126 | H45: =1-I45/G45 -> 0.99206349 | I45: =SUM(L45:AX45) -> 1 | J45: =K45/G45 -> 0.0079365079 | K45: =SUM(L45:U45) -> 1 | L45: 0 | M45: 0 | N45: 0 | O45: 0 | P45: 0 | Q45: 0 | R45: 0 | S45: 1 | T45: 0 | U45: 0 | V45: 0 | W45: 0 | X45: 0 | Y45: 0 | Z45: 0 | AA45: 0 | AB45: 0 | AC45: 0 | AD45: 0 | AE45: 0 | AF45: 0 | AG45: 0 | AH45: 0 | AI45: 0 | AJ45: 0 | AK45: 0 | AL45: 0 | AM45: 0 | AN45: 0 | AO45: 0 | AP45: 0 | AQ45: 0 | AR45: 0 | AS45: 0 | AT45: 0 | AU45: 0 | AV45: 0 | AW45: 0 | AX45: 0
B46: 46188 | C46: Weisshorn | D46: 15BW45B002 | E46: L3 | F46: 1 | G46: =F46*21 -> 21 | H46: =1-I46/G46 -> 1 | I46: =SUM(L46:AX46) -> 0 | J46: =K46/G46 -> 0 | K46: =SUM(L46:U46) -> 0 | L46: 0 | M46: 0 | N46: 0 | O46: 0 | P46: 0 | Q46: 0 | R46: 0 | S46: 0 | T46: 0 | U46: 0 | V46: 0 | W46: 0 | X46: 0 | Y46: 0 | Z46: 0 | AA46: 0 | AB46: 0 | AC46: 0 | AD46: 0 | AE46: 0 | AF46: 0 | AG46: 0 | AH46: 0 | AI46: 0 | AJ46: 0 | AK46: 0 | AL46: 0 | AM46: 0 | AN46: 0 | AO46: 0 | AP46: 0 | AQ46: 0 | AR46: 0 | AS46: 0 | AT46: 0 | AU46: 0 | AV46: 0 | AW46: 0 | AX46: 0
B47: 46188 | C47: Weisshorn | D47: 15BW46B004 | E47: L3 | F47: 1 | G47: =F47*21 -> 21 | H47: =1-I47/G47 -> 1 | I47: =SUM(L47:AX47) -> 0 | J47: =K47/G47 -> 0 | K47: =SUM(L47:U47) -> 0 | L47: 0 | M47: 0 | N47: 0 | O47: 0 | P47: 0 | Q47: 0 | R47: 0 | S47: 0 | T47: 0 | U47: 0 | V47: 0 | W47: 0 | X47: 0 | Y47: 0 | Z47: 0 | AA47: 0 | AB47: 0 | AC47: 0 | AD47: 0 | AE47: 0 | AF47: 0 | AG47: 0 | AH47: 0 | AI47: 0 | AJ47: 0 | AK47: 0 | AL47: 0 | AM47: 0 | AN47: 0 | AO47: 0 | AP47: 0 | AQ47: 0 | AR47: 0 | AS47: 0 | AT47: 0 | AU47: 0 | AV47: 0 | AW47: 0 | AX47: 0
B48: 46188 | C48: Weisshorn | D48: 17BW30B001 | E48: L3 | F48: 2 | G48: =F48*21 -> 42 | H48: =1-I48/G48 -> 0.97619048 | I48: =SUM(L48:AX48) -> 1 | J48: =K48/G48 -> 0 | K48: =SUM(L48:U48) -> 0 | L48: 0 | M48: 0 | N48: 0 | O48: 0 | P48: 0 | Q48: 0 | R48: 0 | S48: 0 | T48: 0 | U48: 0 | V48: 0 | W48: 0 | X48: 0 | Y48: 0 | Z48: 0 | AA48: 0 | AB48: 0 | AC48: 0 | AD48: 0 | AE48: 0 | AF48: 0 | AG48: 0 | AH48: 0 | AI48: 0 | AJ48: 0 | AK48: 0 | AL48: 0 | AM48: 1 | AN48: 0 | AO48: 0 | AP48: 0 | AQ48: 0 | AR48: 0 | AS48: 0 | AT48: 0 | AU48: 0 | AV48: 0 | AW48: 0 | AX48: 0
B49: 46189 | C49: Weisshorn | D49: 17BW28B001 | E49: L3 | F49: 1 | G49: =F49*21 -> 21 | H49: =1-I49/G49 -> 1 | I49: =SUM(L49:AX49) -> 0 | J49: =K49/G49 -> 0 | K49: =SUM(L49:U49) -> 0 | L49: 0 | M49: 0 | N49: 0 | O49: 0 | P49: 0 | Q49: 0 | R49: 0 | S49: 0 | T49: 0 | U49: 0 | V49: 0 | W49: 0 | X49: 0 | Y49: 0 | Z49: 0 | AA49: 0 | AB49: 0 | AC49: 0 | AD49: 0 | AE49: 0 | AF49: 0 | AG49: 0 | AH49: 0 | AI49: 0 | AJ49: 0 | AK49: 0 | AL49: 0 | AM49: 0 | AN49: 0 | AO49: 0 | AP49: 0 | AQ49: 0 | AR49: 0 | AS49: 0 | AT49: 0 | AU49: 0 | AV49: 0 | AW49: 0 | AX49: 0
B50: 46190 | C50: Weisshorn | D50: 17BW28B002 | E50: L3 | F50: 1 | G50: =F50*21 -> 21 | H50: =1-I50/G50 -> 1 | I50: =SUM(L50:AX50) -> 0 | J50: =K50/G50 -> 0 | K50: =SUM(L50:U50) -> 0 | L50: 0 | M50: 0 | N50: 0 | O50: 0 | P50: 0 | Q50: 0 | R50: 0 | S50: 0 | T50: 0 | U50: 0 | V50: 0 | W50: 0 | X50: 0 | Y50: 0 | Z50: 0 | AA50: 0 | AB50: 0 | AC50: 0 | AD50: 0 | AE50: 0 | AF50: 0 | AG50: 0 | AH50: 0 | AI50: 0 | AJ50: 0 | AK50: 0 | AL50: 0 | AM50: 0 | AN50: 0 | AO50: 0 | AP50: 0 | AQ50: 0 | AR50: 0 | AS50: 0 | AT50: 0 | AU50: 0 | AV50: 0 | AW50: 0 | AX50: 0
A51: W26 | B51: 46195 | C51: Weisshorn | D51: 04BW1N | E51: L2 | F51: 2 | G51: =F51*21 -> 42 | H51: =1-I51/G51 -> 1 | I51: =SUM(L51:AX51) -> 0 | J51: =K51/G51 -> 0 | K51: =SUM(L51:U51) -> 0 | L51: 0 | M51: 0 | N51: 0 | O51: 0 | P51: 0 | Q51: 0 | R51: 0 | S51: 0 | T51: 0 | U51: 0 | V51: 0 | W51: 0 | X51: 0 | Y51: 0 | Z51: 0 | AA51: 0 | AB51: 0 | AC51: 0 | AD51: 0 | AE51: 0 | AF51: 0 | AG51: 0 | AH51: 0 | AI51: 0 | AJ51: 0 | AK51: 0 | AL51: 0 | AM51: 0 | AN51: 0 | AO51: 0 | AP51: 0 | AQ51: 0 | AR51: 0 | AS51: 0 | AT51: 0 | AU51: 0 | AV51: 0 | AW51: 0 | AX51: 0
A52: W26 | B52: 46196 | C52: Weisshorn | D52: 04BW1MB001 | E52: L1 | F52: 1 | G52: =F52*21 -> 21 | H52: =1-I52/G52 -> 1 | I52: =SUM(L52:AX52) -> 0 | J52: =K52/G52 -> 0 | K52: =SUM(L52:U52) -> 0 | L52: 0 | M52: 0 | N52: 0 | O52: 0 | P52: 0 | Q52: 0 | R52: 0 | S52: 0 | T52: 0 | U52: 0 | V52: 0 | W52: 0 | X52: 0 | Y52: 0 | Z52: 0 | AA52: 0 | AB52: 0 | AC52: 0 | AD52: 0 | AE52: 0 | AF52: 0 | AG52: 0 | AH52: 0 | AI52: 0 | AJ52: 0 | AK52: 0 | AL52: 0 | AM52: 0 | AN52: 0 | AO52: 0 | AP52: 0 | AQ52: 0 | AR52: 0 | AS52: 0 | AT52: 0 | AU52: 0 | AV52: 0 | AW52: 0 | AX52: 0
A53: W27 | B53: 46202 | C53: Weisshorn | D53: 04BW1NB004 | E53: L2 | F53: 2 | G53: =F53*21 -> 42 | H53: =1-I53/G53 -> 1 | I53: =SUM(L53:AX53) -> 0 | J53: =K53/G53 -> 0 | K53: =SUM(L53:U53) -> 0 | L53: 0 | M53: 0 | N53: 0 | O53: 0 | P53: 0 | Q53: 0 | R53: 0 | S53: 0 | T53: 0 | U53: 0 | V53: 0 | W53: 0 | X53: 0 | Y53: 0 | Z53: 0 | AA53: 0 | AB53: 0 | AC53: 0 | AD53: 0 | AE53: 0 | AF53: 0 | AG53: 0 | AH53: 0 | AI53: 0 | AJ53: 0 | AK53: 0 | AL53: 0 | AM53: 0 | AN53: 0 | AO53: 0 | AP53: 0 | AQ53: 0 | AR53: 0 | AS53: 0 | AT53: 0 | AU53: 0 | AV53: 0 | AW53: 0 | AX53: 0
A54: W27 | B54: 46203 | C54: Weisshorn | D54: 04BW1MB002 | E54: L1 | F54: 1 | G54: =F54*21 -> 21 | H54: =1-I54/G54 -> 1 | I54: =SUM(L54:AX54) -> 0 | J54: =K54/G54 -> 0 | K54: =SUM(L54:U54) -> 0 | L54: 0 | M54: 0 | N54: 0 | O54: 0 | P54: 0 | Q54: 0 | R54: 0 | S54: 0 | T54: 0 | U54: 0 | V54: 0 | W54: 0 | X54: 0 | Y54: 0 | Z54: 0 | AA54: 0 | AB54: 0 | AC54: 0 | AD54: 0 | AE54: 0 | AF54: 0 | AG54: 0 | AH54: 0 | AI54: 0 | AJ54: 0 | AK54: 0 | AL54: 0 | AM54: 0 | AN54: 0 | AO54: 0 | AP54: 0 | AQ54: 0 | AR54: 0 | AS54: 0 | AT54: 0 | AU54: 0 | AV54: 0 | AW54: 0 | AX54: 0
A55: W27 | B55: 46209 | C55: AT2 | D55: 11BWBPB002 | E55: L2 | F55: 1 | G55: 120 | H55: =1-I55/G55 -> 1 | I55: =SUM(L55:AX55) -> 0 | J55: =K55/G55 -> 0 | K55: =SUM(L55:U55) -> 0 | L55: 0 | M55: 0 | N55: 0 | O55: 0 | P55: 0 | Q55: 0 | R55: 0 | S55: 0 | T55: 0 | U55: 0 | V55: 0 | W55: 0 | X55: 0 | Y55: 0 | Z55: 0 | AA55: 0 | AB55: 0 | AC55: 0 | AD55: 0 | AE55: 0 | AF55: 0 | AG55: 0 | AH55: 0 | AI55: 0 | AJ55: 0 | AK55: 0 | AL55: 0 | AM55: 0 | AN55: 0 | AO55: 0 | AP55: 0 | AQ55: 0 | AR55: 0 | AS55: 0 | AT55: 0 | AU55: 0 | AV55: 0 | AW55: 0 | AX55: 0
A56: W27 | B56: 46209 | C56: BL23 | D56: 17BW34B001 | E56: L1 | F56: 4 | G56: 480 | H56: =1-I56/G56 -> 0.9875 | I56: =SUM(L56:AX56) -> 6 | J56: =K56/G56 -> 0 | K56: =SUM(L56:U56) -> 0 | L56: 0 | M56: 0 | N56: 0 | O56: 0 | P56: 0 | Q56: 0 | R56: 0 | S56: 0 | T56: 0 | U56: 0 | V56: 0 | W56: 0 | X56: 0 | Y56: 0 | Z56: 0 | AA56: 0 | AB56: 0 | AC56: 1 | AD56: 0 | AE56: 0 | AF56: 0 | AG56: 0 | AH56: 0 | AI56: 0 | AJ56: 0 | AK56: 0 | AL56: 0 | AM56: 0 | AN56: 0 | AO56: 0 | AP56: 1 | AQ56: 0 | AR56: 4 | AS56: 0 | AT56: 0 | AU56: 0 | AV56: 0 | AW56: 0 | AX56: 0
A57: W27 | B57: 46209 | C57: BL23 DCMTV | D57: 19BW16B007 | E57: L2 | F57: 1 | G57: 120 | H57: =1-I57/G57 -> 1 | I57: =SUM(L57:AX57) -> 0 | J57: =K57/G57 -> 0 | K57: =SUM(L57:U57) -> 0 | L57: 0 | M57: 0 | N57: 0 | O57: 0 | P57: 0 | Q57: 0 | R57: 0 | S57: 0 | T57: 0 | U57: 0 | V57: 0 | W57: 0 | X57: 0 | Y57: 0 | Z57: 0 | AA57: 0 | AB57: 0 | AC57: 0 | AD57: 0 | AE57: 0 | AF57: 0 | AG57: 0 | AH57: 0 | AI57: 0 | AJ57: 0 | AK57: 0 | AL57: 0 | AM57: 0 | AN57: 0 | AO57: 0 | AP57: 0 | AQ57: 0 | AR57: 0 | AS57: 0 | AT57: 0 | AU57: 0 | AV57: 0 | AW57: 0 | AX57: 0
A58: W28 | B58: 46209 | C58: MDS1 | D58: 14BW56 | E58: L1 | F58: 1 | G58: 1870 | H58: =1-I58/G58 -> 0.99946524 | I58: =SUM(L58:AX58) -> 1 | J58: =K58/G58 -> 0 | K58: =SUM(L58:U58) -> 0 | L58: 0 | M58: 0 | N58: 0 | O58: 0 | P58: 0 | Q58: 0 | R58: 0 | S58: 0 | T58: 0 | U58: 0 | V58: 0 | W58: 0 | X58: 0 | Y58: 0 | Z58: 0 | AA58: 0 | AB58: 0 | AC58: 0 | AD58: 1 | AE58: 0 | AF58: 0 | AG58: 0 | AH58: 0 | AI58: 0 | AJ58: 0 | AK58: 0 | AL58: 0 | AM58: 0 | AN58: 0 | AO58: 0 | AP58: 0 | AQ58: 0 | AR58: 0 | AS58: 0 | AT58: 0 | AU58: 0 | AV58: 0 | AW58: 0 | AX58: 0
A59: W28 | B59: 46210 | C59: MDS1 | D59: 14BW60 | E59: L1 | F59: 7 | G59: 1190 | H59: =1-I59/G59 -> 0.99663866 | I59: =SUM(L59:AX59) -> 4 | J59: =K59/G59 -> 0 | K59: =SUM(L59:U59) -> 0 | L59: 0 | M59: 0 | N59: 0 | O59: 0 | P59: 0 | Q59: 0 | R59: 0 | S59: 0 | T59: 0 | U59: 0 | V59: 0 | W59: 0 | X59: 0 | Y59: 0 | Z59: 0 | AA59: 0 | AB59: 0 | AC59: 1 | AD59: 1 | AE59: 1 | AF59: 0 | AG59: 0 | AH59: 0 | AI59: 0 | AJ59: 0 | AK59: 0 | AL59: 0 | AM59: 0 | AN59: 0 | AO59: 0 | AP59: 0 | AQ59: 0 | AR59: 1 | AS59: 0 | AT59: 0 | AU59: 0 | AV59: 0 | AW59: 0 | AX59: 0 | AY59: Waive F23*3
A60: W28 | B60: 46210 | C60: MDS1 | D60: 14BW60B001 | E60: L1 | F60: 1 | G60: 170 | H60: =1-I60/G60 -> 1 | I60: =SUM(L60:AX60) -> 0 | J60: =K60/G60 -> 0 | K60: =SUM(L60:U60) -> 0 | L60: 0 | M60: 0 | N60: 0 | O60: 0 | P60: 0 | Q60: 0 | R60: 0 | S60: 0 | T60: 0 | U60: 0 | V60: 0 | W60: 0 | X60: 0 | Y60: 0 | Z60: 0 | AA60: 0 | AB60: 0 | AC60: 0 | AD60: 0 | AE60: 0 | AF60: 0 | AG60: 0 | AH60: 0 | AI60: 0 | AJ60: 0 | AK60: 0 | AL60: 0 | AM60: 0 | AN60: 0 | AO60: 0 | AP60: 0 | AQ60: 0 | AR60: 0 | AS60: 0 | AT60: 0 | AU60: 0 | AV60: 0 | AW60: 0 | AX60: 0
A61: W28 | B61: 46210 | C61: MDS1 | D61: 14BW56B001 | E61: L1 | F61: 1 | G61: 170 | H61: =1-I61/G61 -> 0.99411765 | I61: =SUM(L61:AX61) -> 1 | J61: =K61/G61 -> 0 | K61: =SUM(L61:U61) -> 0 | L61: 0 | M61: 0 | N61: 0 | O61: 0 | P61: 0 | Q61: 0 | R61: 0 | S61: 0 | T61: 0 | U61: 0 | V61: 0 | W61: 0 | X61: 0 | Y61: 0 | Z61: 0 | AA61: 0 | AB61: 0 | AC61: 0 | AD61: 0 | AE61: 0 | AF61: 0 | AG61: 1 | AH61: 0 | AI61: 0 | AJ61: 0 | AK61: 0 | AL61: 0 | AM61: 0 | AN61: 0 | AO61: 0 | AP61: 0 | AQ61: 0 | AR61: 0 | AS61: 0 | AT61: 0 | AU61: 0 | AV61: 0 | AW61: 0 | AX61: 0
A62: W28 | B62: 46210 | C62: MDS1 | D62: 14BW60B001 | E62: L1 | F62: 1 | G62: 170 | H62: =1-I62/G62 -> 1 | I62: =SUM(L62:AX62) -> 0 | J62: =K62/G62 -> 0 | K62: =SUM(L62:U62) -> 0 | L62: 0 | M62: 0 | N62: 0 | O62: 0 | P62: 0 | Q62: 0 | R62: 0 | S62: 0 | T62: 0 | U62: 0 | V62: 0 | W62: 0 | X62: 0 | Y62: 0 | Z62: 0 | AA62: 0 | AB62: 0 | AC62: 0 | AD62: 0 | AE62: 0 | AF62: 0 | AG62: 0 | AH62: 0 | AI62: 0 | AJ62: 0 | AK62: 0 | AL62: 0 | AM62: 0 | AN62: 0 | AO62: 0 | AP62: 0 | AQ62: 0 | AR62: 0 | AS62: 0 | AT62: 0 | AU62: 0 | AV62: 0 | AW62: 0 | AX62: 0
A63: W28 | B63: 46211 | C63: BL23 | D63: 17BW34B001 | E63: L2 | F63: 3 | G63: 360 | H63: =1-I63/G63 -> 0.97777778 | I63: =SUM(L63:AX63) -> 8 | J63: =K63/G63 -> 0.019444444 | K63: =SUM(L63:U63) -> 7 | L63: 7 | M63: 0 | N63: 0 | O63: 0 | P63: 0 | Q63: 0 | R63: 0 | S63: 0 | T63: 0 | U63: 0 | V63: 0 | W63: 0 | X63: 0 | Y63: 0 | Z63: 0 | AA63: 0 | AB63: 0 | AC63: 0 | AD63: 1 | AE63: 0 | AF63: 0 | AG63: 0 | AH63: 0 | AI63: 0 | AJ63: 0 | AK63: 0 | AL63: 0 | AM63: 0 | AN63: 0 | AO63: 0 | AP63: 0 | AQ63: 0 | AR63: 0 | AS63: 0 | AT63: 0 | AU63: 0 | AV63: 0 | AW63: 0 | AX63: 0
A64: W28 | B64: 46211 | C64: BL23 | D64: 25BW06 | E64: L1 | F64: 13 | G64: 1560 | H64: =1-I64/G64 -> 0.99871795 | I64: =SUM(L64:AX64) -> 2 | J64: =K64/G64 -> 0 | K64: =SUM(L64:U64) -> 0 | L64: 0 | M64: 0 | N64: 0 | O64: 0 | P64: 0 | Q64: 0 | R64: 0 | S64: 0 | T64: 0 | U64: 0 | V64: 0 | W64: 0 | X64: 0 | Y64: 0 | Z64: 0 | AA64: 0 | AB64: 0 | AC64: 0 | AD64: 0 | AE64: 0 | AF64: 0 | AG64: 1 | AH64: 0 | AI64: 0 | AJ64: 0 | AK64: 0 | AL64: 0 | AM64: 0 | AN64: 0 | AO64: 0 | AP64: 0 | AQ64: 1 | AR64: 0 | AS64: 0 | AT64: 0 | AU64: 0 | AV64: 0 | AW64: 0 | AX64: 0
A65: W28 | B65: 46212 | C65: BL23 | D65: 17BW33 | E65: L2 | F65: 6 | G65: 720 | H65: =1-I65/G65 -> 0.99861111 | I65: =SUM(L65:AX65) -> 1 | J65: =K65/G65 -> 0.0013888889 | K65: =SUM(L65:U65) -> 1 | L65: 1 | M65: 0 | N65: 0 | O65: 0 | P65: 0 | Q65: 0 | R65: 0 | S65: 0 | T65: 0 | U65: 0 | V65: 0 | W65: 0 | X65: 0 | Y65: 0 | Z65: 0 | AA65: 0 | AB65: 0 | AC65: 0 | AD65: 0 | AE65: 0 | AF65: 0 | AG65: 0 | AH65: 0 | AI65: 0 | AJ65: 0 | AK65: 0 | AL65: 0 | AM65: 0 | AN65: 0 | AO65: 0 | AP65: 0 | AQ65: 0 | AR65: 0 | AS65: 0 | AT65: 0 | AU65: 0 | AV65: 0 | AW65: 0 | AX65: 0
A66: W28 | B66: 46212 | C66: BL23 | D66: 17BW34B003 | E66: L2 | F66: 1 | G66: 120 | H66: =1-I66/G66 -> 1 | I66: =SUM(L66:AX66) -> 0 | J66: =K66/G66 -> 0 | K66: =SUM(L66:U66) -> 0 | L66: 0 | M66: 0 | N66: 0 | O66: 0 | P66: 0 | Q66: 0 | R66: 0 | S66: 0 | T66: 0 | U66: 0 | V66: 0 | W66: 0 | X66: 0 | Y66: 0 | Z66: 0 | AA66: 0 | AB66: 0 | AC66: 0 | AD66: 0 | AE66: 0 | AF66: 0 | AG66: 0 | AH66: 0 | AI66: 0 | AJ66: 0 | AK66: 0 | AL66: 0 | AM66: 0 | AN66: 0 | AO66: 0 | AP66: 0 | AQ66: 0 | AR66: 0 | AS66: 0 | AT66: 0 | AU66: 0 | AV66: 0 | AW66: 0 | AX66: 0
A67: W28 | B67: 46212 | C67: BL23 | D67: 18BW56B001 | E67: L2 | F67: 1 | G67: 120 | H67: =1-I67/G67 -> 1 | I67: =SUM(L67:AX67) -> 0 | J67: =K67/G67 -> 0 | K67: =SUM(L67:U67) -> 0 | L67: 0 | M67: 0 | N67: 0 | O67: 0 | P67: 0 | Q67: 0 | R67: 0 | S67: 0 | T67: 0 | U67: 0 | V67: 0 | W67: 0 | X67: 0 | Y67: 0 | Z67: 0 | AA67: 0 | AB67: 0 | AC67: 0 | AD67: 0 | AE67: 0 | AF67: 0 | AG67: 0 | AH67: 0 | AI67: 0 | AJ67: 0 | AK67: 0 | AL67: 0 | AM67: 0 | AN67: 0 | AO67: 0 | AP67: 0 | AQ67: 0 | AR67: 0 | AS67: 0 | AT67: 0 | AU67: 0 | AV67: 0 | AW67: 0 | AX67: 0
A68: W29 | B68: 46213 | C68: SP8 MHC | D68: 25BW40 | E68: L1 | F68: 11 | G68: =F68*21 -> 231 | H68: =1-I68/G68 -> 0.98701299 | I68: =SUM(L68:AX68) -> 3 | J68: =K68/G68 -> 0.0043290043 | K68: =SUM(L68:U68) -> 1 | L68: 0 | M68: 0 | N68: 0 | O68: 0 | P68: 0 | Q68: 1 | R68: 0 | S68: 0 | T68: 0 | U68: 0 | V68: 0 | W68: 0 | X68: 0 | Y68: 0 | Z68: 0 | AA68: 0 | AB68: 0 | AC68: 0 | AD68: 0 | AE68: 0 | AF68: 0 | AG68: 0 | AH68: 2 | AI68: 0 | AJ68: 0 | AK68: 0 | AL68: 0 | AM68: 0 | AN68: 0 | AO68: 0 | AP68: 0 | AQ68: 0 | AR68: 0 | AS68: 0 | AT68: 0 | AU68: 0 | AV68: 0 | AW68: 0 | AX68: 0
A69: W29 | B69: 46213 | C69: SP8 MHC | D69: 25BW46 | E69: L1 | F69: 5 | G69: =F69*21 -> 105 | H69: =1-I69/G69 -> 0.97142857 | I69: =SUM(L69:AX69) -> 3 | J69: =K69/G69 -> 0.0095238095 | K69: =SUM(L69:U69) -> 1 | L69: 0 | M69: 0 | N69: 0 | O69: 0 | P69: 0 | Q69: 0 | R69: 0 | S69: 1 | T69: 0 | U69: 0 | V69: 0 | W69: 0 | X69: 0 | Y69: 0 | Z69: 0 | AA69: 0 | AB69: 0 | AC69: 0 | AD69: 0 | AE69: 0 | AF69: 0 | AG69: 0 | AH69: 0 | AI69: 1 | AJ69: 0 | AK69: 0 | AL69: 0 | AM69: 0 | AN69: 0 | AO69: 0 | AP69: 0 | AQ69: 1 | AR69: 0 | AS69: 0 | AT69: 0 | AU69: 0 | AV69: 0 | AW69: 0 | AX69: 0
A70: W29 | B70: 46213 | C70: SP8 MHC | D70: 25BW47 | E70: L1 | F70: 7 | G70: =F70*21 -> 147 | H70: =1-I70/G70 -> 1 | I70: =SUM(L70:AW70) -> 0 | J70: =K70/G70 -> 0 | K70: =SUM(L70:U70) -> 0 | L70: 0 | M70: 0 | N70: 0 | O70: 0 | P70: 0 | Q70: 0 | R70: 0 | S70: 0 | T70: 0 | U70: 0 | V70: 0 | W70: 0 | X70: 0 | Y70: 0 | Z70: 0 | AA70: 0 | AB70: 0 | AC70: 0 | AD70: 0 | AE70: 0 | AF70: 0 | AG70: 0 | AH70: 0 | AI70: 0 | AJ70: 0 | AK70: 0 | AL70: 0 | AM70: 0 | AN70: 0 | AO70: 0 | AP70: 0 | AQ70: 0 | AR70: 0 | AS70: 0 | AT70: 0 | AU70: 0 | AV70: 0 | AW70: 0 | AX70: 0
A71: W29 | B71: 46216 | C71: SP8 MHC | D71: 25BW37B001 | E71: L1 | F71: 5 | G71: =F71*21 -> 105 | H71: =1-I71/G71 -> 0.96190476 | I71: =SUM(L71:AX71) -> 4 | J71: =K71/G71 -> 0 | K71: =SUM(L71:U71) -> 0 | L71: 0 | M71: 0 | N71: 0 | O71: 0 | P71: 0 | Q71: 0 | R71: 0 | S71: 0 | T71: 0 | U71: 0 | V71: 0 | W71: 0 | X71: 0 | Y71: 2 | Z71: 0 | AA71: 0 | AB71: 0 | AC71: 0 | AD71: 0 | AE71: 0 | AF71: 0 | AG71: 0 | AH71: 2 | AI71: 0 | AJ71: 0 | AK71: 0 | AL71: 0 | AM71: 0 | AN71: 0 | AO71: 0 | AP71: 0 | AQ71: 0 | AR71: 0 | AS71: 0 | AT71: 0 | AU71: 0 | AV71: 0 | AW71: 0 | AX71: 0
A72: W29 | B72: 46216 | C72: SP8 MHC | D72: 25BW39 | E72: L1 | F72: 13 | G72: =F72*21 -> 273 | H72: =1-I72/G72 -> 0.97069597 | I72: =SUM(L72:AX72) -> 8 | J72: =K72/G72 -> 0.0073260073 | K72: =SUM(L72:U72) -> 2 | L72: 0 | M72: 0 | N72: 0 | O72: 2 | P72: 0 | Q72: 0 | R72: 0 | S72: 0 | T72: 0 | U72: 0 | V72: 0 | W72: 0 | X72: 0 | Y72: 0 | Z72: 0 | AA72: 0 | AB72: 0 | AC72: 1 | AD72: 0 | AE72: 0 | AF72: 0 | AG72: 0 | AH72: 3 | AI72: 0 | AJ72: 0 | AK72: 0 | AL72: 0 | AM72: 0 | AN72: 0 | AO72: 0 | AP72: 0 | AQ72: 0 | AR72: 1 | AS72: 0 | AT72: 0 | AU72: 1 | AV72: 0 | AW72: 0 | AX72: 0
A73: W29 | B73: 46216 | C73: SP8 MHC | D73: 25BW42 | E73: L1 | F73: 13 | G73: =F73*21 -> 273 | H73: =1-I73/G73 -> 0.97802198 | I73: =SUM(L73:AX73) -> 6 | J73: =K73/G73 -> 0.0036630037 | K73: =SUM(L73:U73) -> 1 | L73: 0 | M73: 0 | N73: 0 | O73: 0 | P73: 0 | Q73: 1 | R73: 0 | S73: 0 | T73: 0 | U73: 0 | V73: 0 | W73: 0 | X73: 0 | Y73: 0 | Z73: 0 | AA73: 0 | AB73: 0 | AC73: 0 | AD73: 0 | AE73: 0 | AF73: 0 | AG73: 0 | AH73: 2 | AI73: 0 | AJ73: 0 | AK73: 0 | AL73: 0 | AM73: 3 | AN73: 0 | AO73: 0 | AP73: 0 | AQ73: 0 | AR73: 0 | AS73: 0 | AT73: 0 | AU73: 0 | AV73: 0 | AW73: 0 | AX73: 0
A74: W29 | B74: 46216 | C74: SP8 MHC | D74: 25BW43 | E74: L1 | F74: 12 | G74: =F74*21 -> 252 | H74: =1-I74/G74 -> 0.96428571 | I74: =SUM(L74:AX74) -> 9 | J74: =K74/G74 -> 0.01984127 | K74: =SUM(L74:U74) -> 5 | L74: 0 | M74: 0 | N74: 0 | O74: 3 | P74: 0 | Q74: 2 | R74: 0 | S74: 0 | T74: 0 | U74: 0 | V74: 0 | W74: 0 | X74: 0 | Y74: 0 | Z74: 0 | AA74: 0 | AB74: 0 | AC74: 0 | AD74: 0 | AE74: 0 | AF74: 0 | AG74: 0 | AH74: 3 | AI74: 0 | AJ74: 0 | AK74: 0 | AL74: 0 | AM74: 1 | AN74: 0 | AO74: 0 | AP74: 0 | AQ74: 0 | AR74: 0 | AS74: 0 | AT74: 0 | AU74: 0 | AV74: 0 | AW74: 0 | AX74: 0
A75: W29 | B75: 46216 | C75: SP8 MHC | D75: 25BW47B001 | E75: L1 | F75: 3 | G75: =F75*21 -> 63 | H75: =1-I75/G75 -> 0.96825397 | I75: =SUM(L75:AX75) -> 2 | J75: =K75/G75 -> 0.015873016 | K75: =SUM(L75:U75) -> 1 | L75: 0 | M75: 0 | N75: 0 | O75: 0 | P75: 0 | Q75: 1 | R75: 0 | S75: 0 | T75: 0 | U75: 0 | V75: 0 | W75: 0 | X75: 0 | Y75: 0 | Z75: 0 | AA75: 0 | AB75: 0 | AC75: 0 | AD75: 0 | AE75: 0 | AF75: 0 | AG75: 0 | AH75: 1 | AI75: 0 | AJ75: 0 | AK75: 0 | AL75: 0 | AM75: 0 | AN75: 0 | AO75: 0 | AP75: 0 | AQ75: 0 | AR75: 0 | AS75: 0 | AT75: 0 | AU75: 0 | AV75: 0 | AW75: 0 | AX75: 0
A76: W29 | B76: 46216 | C76: SP8 MHC | D76: 25BW47B002 | E76: L1 | F76: 2 | G76: =F76*21 -> 42 | H76: =1-I76/G76 -> 1 | I76: =SUM(L76:AX76) -> 0 | J76: =K76/G76 -> 0 | K76: =SUM(L76:U76) -> 0 | L76: 0 | M76: 0 | N76: 0 | O76: 0 | P76: 0 | Q76: 0 | R76: 0 | S76: 0 | T76: 0 | U76: 0 | V76: 0 | W76: 0 | X76: 0 | Y76: 0 | Z76: 0 | AA76: 0 | AB76: 0 | AC76: 0 | AD76: 0 | AE76: 0 | AF76: 0 | AG76: 0 | AH76: 0 | AI76: 0 | AJ76: 0 | AK76: 0 | AL76: 0 | AM76: 0 | AN76: 0 | AO76: 0 | AP76: 0 | AQ76: 0 | AR76: 0 | AS76: 0 | AT76: 0 | AU76: 0 | AV76: 0 | AW76: 0 | AX76: 0
A77: W29 | B77: 46216 | C77: SP8 MHC | D77: 25BW49 | E77: L1 | F77: 13 | G77: =F77*21 -> 273 | H77: =1-I77/G77 -> 0.97802198 | I77: =SUM(L77:AX77) -> 6 | J77: =K77/G77 -> 0.0036630037 | K77: =SUM(L77:U77) -> 1 | L77: 0 | M77: 0 | N77: 0 | O77: 0 | P77: 0 | Q77: 1 | R77: 0 | S77: 0 | T77: 0 | U77: 0 | V77: 0 | W77: 0 | X77: 0 | Y77: 0 | Z77: 0 | AA77: 0 | AB77: 0 | AC77: 0 | AD77: 0 | AE77: 0 | AF77: 0 | AG77: 0 | AH77: 5 | AI77: 0 | AJ77: 0 | AK77: 0 | AL77: 0 | AM77: 0 | AN77: 0 | AO77: 0 | AP77: 0 | AQ77: 0 | AR77: 0 | AS77: 0 | AT77: 0 | AU77: 0 | AV77: 0 | AW77: 0 | AX77: 0
A78: W29 | B78: 46216 | C78: SP8 MHC | D78: 25BW53 | E78: L1 | F78: 10 | G78: =F78*21 -> 210 | H78: =1-I78/G78 -> 0.9952381 | I78: =SUM(L78:AX78) -> 1 | J78: =K78/G78 -> 0 | K78: =SUM(L78:U78) -> 0 | L78: 0 | M78: 0 | N78: 0 | O78: 0 | P78: 0 | Q78: 0 | R78: 0 | S78: 0 | T78: 0 | U78: 0 | V78: 0 | W78: 0 | X78: 0 | Y78: 0 | Z78: 0 | AA78: 0 | AB78: 0 | AC78: 0 | AD78: 0 | AE78: 0 | AF78: 0 | AG78: 0 | AH78: 1 | AI78: 0 | AJ78: 0 | AK78: 0 | AL78: 0 | AM78: 0 | AN78: 0 | AO78: 0 | AP78: 0 | AQ78: 0 | AR78: 0 | AS78: 0 | AT78: 0 | AU78: 0 | AV78: 0 | AW78: 0 | AX78: 0
A79: W29 | B79: 46216 | C79: SP8 MHC | D79: 25BW54 | E79: L1 | F79: 11 | G79: =F79*21 -> 231 | H79: =1-I79/G79 -> 0.98268398 | I79: =SUM(L79:AX79) -> 4 | J79: =K79/G79 -> 0 | K79: =SUM(L79:U79) -> 0 | L79: 0 | M79: 0 | N79: 0 | O79: 0 | P79: 0 | Q79: 0 | R79: 0 | S79: 0 | T79: 0 | U79: 0 | V79: 0 | W79: 0 | X79: 0 | Y79: 0 | Z79: 0 | AA79: 0 | AB79: 0 | AC79: 0 | AD79: 0 | AE79: 0 | AF79: 0 | AG79: 0 | AH79: 3 | AI79: 0 | AJ79: 0 | AK79: 0 | AL79: 0 | AM79: 0 | AN79: 0 | AO79: 0 | AP79: 0 | AQ79: 1 | AR79: 0 | AS79: 0 | AT79: 0 | AU79: 0 | AV79: 0 | AW79: 0 | AX79: 0
A80: W29 | B80: 46216 | C80: SP8 MHC | D80: 25BW55 | E80: L1 | F80: 11 | G80: =F80*21 -> 231 | H80: =1-I80/G80 -> 0.99134199 | I80: =SUM(L80:AX80) -> 2 | J80: =K80/G80 -> 0.0043290043 | K80: =SUM(L80:U80) -> 1 | L80: 0 | M80: 0 | N80: 0 | O80: 1 | P80: 0 | Q80: 0 | R80: 0 | S80: 0 | T80: 0 | U80: 0 | V80: 0 | W80: 0 | X80: 0 | Y80: 0 | Z80: 0 | AA80: 0 | AB80: 0 | AC80: 1 | AD80: 0 | AE80: 0 | AF80: 0 | AG80: 0 | AH80: 0 | AI80: 0 | AJ80: 0 | AK80: 0 | AL80: 0 | AM80: 0 | AN80: 0 | AO80: 0 | AP80: 0 | AQ80: 0 | AR80: 0 | AS80: 0 | AT80: 0 | AU80: 0 | AV80: 0 | AW80: 0 | AX80: 0
A81: W29 | B81: 46216 | C81: SP8 MHC | D81: 25BW55B001 | E81: L1 | F81: 2 | G81: =F81*21 -> 42 | H81: =1-I81/G81 -> 1 | I81: =SUM(L81:AX81) -> 0 | J81: =K81/G81 -> 0 | K81: =SUM(L81:U81) -> 0 | L81: 0 | M81: 0 | N81: 0 | O81: 0 | P81: 0 | Q81: 0 | R81: 0 | S81: 0 | T81: 0 | U81: 0 | V81: 0 | W81: 0 | X81: 0 | Y81: 0 | Z81: 0 | AA81: 0 | AB81: 0 | AC81: 0 | AD81: 0 | AE81: 0 | AF81: 0 | AG81: 0 | AH81: 0 | AI81: 0 | AJ81: 0 | AK81: 0 | AL81: 0 | AM81: 0 | AN81: 0 | AO81: 0 | AP81: 0 | AQ81: 0 | AR81: 0 | AS81: 0 | AT81: 0 | AU81: 0 | AV81: 0 | AW81: 0 | AX81: 0
A82: W29 | B82: 46216 | C82: SP8 MHC | D82: 25BW61 | E82: L1 | F82: 11 | G82: =F82*21 -> 231 | H82: =1-I82/G82 -> 1 | I82: =SUM(L82:AX82) -> 0 | J82: =K82/G82 -> 0 | K82: =SUM(L82:U82) -> 0 | L82: 0 | M82: 0 | N82: 0 | O82: 0 | P82: 0 | Q82: 0 | R82: 0 | S82: 0 | T82: 0 | U82: 0 | V82: 0 | W82: 0 | X82: 0 | Y82: 0 | Z82: 0 | AA82: 0 | AB82: 0 | AC82: 0 | AD82: 0 | AE82: 0 | AF82: 0 | AG82: 0 | AH82: 0 | AI82: 0 | AJ82: 0 | AK82: 0 | AL82: 0 | AM82: 0 | AN82: 0 | AO82: 0 | AP82: 0 | AQ82: 0 | AR82: 0 | AS82: 0 | AT82: 0 | AU82: 0 | AV82: 0 | AW82: 0 | AX82: 0
A83: W29 | B83: 46216 | C83: SP8 MHC | D83: 25BW61B001 | E83: L1 | F83: 1 | G83: =F83*21 -> 21 | H83: =1-I83/G83 -> 1 | I83: =SUM(L83:AW83) -> 0 | J83: =K83/G83 -> 0 | K83: =SUM(L83:U83) -> 0 | L83: 0 | M83: 0 | N83: 0 | O83: 0 | P83: 0 | Q83: 0 | R83: 0 | S83: 0 | T83: 0 | U83: 0 | V83: 0 | W83: 0 | X83: 0 | Y83: 0 | Z83: 0 | AA83: 0 | AB83: 0 | AC83: 0 | AD83: 0 | AE83: 0 | AF83: 0 | AG83: 0 | AH83: 0 | AI83: 0 | AJ83: 0 | AK83: 0 | AL83: 0 | AM83: 0 | AN83: 0 | AO83: 0 | AP83: 0 | AQ83: 0 | AR83: 0 | AS83: 0 | AT83: 0 | AU83: 0 | AV83: 0 | AW83: 0 | AX83: 0
A84: W29 | B84: 46216 | C84: SP8 MHC | D84: 25BW62 | E84: L1 | F84: 2 | G84: =F84*21 -> 42 | H84: =1-I84/G84 -> 0.97619048 | I84: =SUM(L84:AX84) -> 1 | J84: =K84/G84 -> 0 | K84: =SUM(L84:U84) -> 0 | L84: 0 | M84: 0 | N84: 0 | O84: 0 | P84: 0 | Q84: 0 | R84: 0 | S84: 0 | T84: 0 | U84: 0 | V84: 0 | W84: 0 | X84: 0 | Y84: 0 | Z84: 0 | AA84: 0 | AB84: 0 | AC84: 1 | AD84: 0 | AE84: 0 | AF84: 0 | AG84: 0 | AH84: 0 | AI84: 0 | AJ84: 0 | AK84: 0 | AL84: 0 | AM84: 0 | AN84: 0 | AO84: 0 | AP84: 0 | AQ84: 0 | AR84: 0 | AS84: 0 | AT84: 0 | AU84: 0 | AV84: 0 | AW84: 0 | AX84: 0
A85: W29 | B85: 46216 | C85: SP8 MHC | D85: 25BW63 | E85: L1 | F85: 1 | G85: =F85*21 -> 21 | H85: =1-I85/G85 -> 0.95238095 | I85: =SUM(L85:AW85) -> 1 | J85: =K85/G85 -> 0 | K85: =SUM(L85:U85) -> 0 | L85: 0 | M85: 0 | N85: 0 | O85: 0 | P85: 0 | Q85: 0 | R85: 0 | S85: 0 | T85: 0 | U85: 0 | V85: 0 | W85: 0 | X85: 0 | Y85: 0 | Z85: 0 | AA85: 0 | AB85: 0 | AC85: 0 | AD85: 0 | AE85: 0 | AF85: 0 | AG85: 0 | AH85: 0 | AI85: 0 | AJ85: 0 | AK85: 0 | AL85: 0 | AM85: 0 | AN85: 0 | AO85: 0 | AP85: 0 | AQ85: 0 | AR85: 1 | AS85: 0 | AT85: 0 | AU85: 0 | AV85: 0 | AW85: 0 | AX85: 0
A86: W29 | B86: 46216 | C86: SP8 MHC | D86: 25BW65 | E86: L1 | F86: 2 | G86: =F86*21 -> 42 | H86: =1-I86/G86 -> 1 | I86: =SUM(L86:AW86) -> 0 | J86: =K86/G86 -> 0 | K86: =SUM(L86:U86) -> 0 | L86: 0 | M86: 0 | N86: 0 | O86: 0 | P86: 0 | Q86: 0 | R86: 0 | S86: 0 | T86: 0 | U86: 0 | V86: 0 | W86: 0 | X86: 0 | Y86: 0 | Z86: 0 | AA86: 0 | AB86: 0 | AC86: 0 | AD86: 0 | AE86: 0 | AF86: 0 | AG86: 0 | AH86: 0 | AI86: 0 | AJ86: 0 | AK86: 0 | AL86: 0 | AM86: 0 | AN86: 0 | AO86: 0 | AP86: 0 | AQ86: 0 | AR86: 0 | AS86: 0 | AT86: 0 | AU86: 0 | AV86: 0 | AW86: 0 | AX86: 0
A87: W29 | B87: 46216 | C87: SP8 MHC | D87: 25BW66 | E87: L1 | F87: 3 | G87: =F87*21 -> 63 | H87: =1-I87/G87 -> 1 | I87: =SUM(L87:AW87) -> 0 | J87: =K87/G87 -> 0 | K87: =SUM(L87:U87) -> 0 | L87: 0 | M87: 0 | N87: 0 | O87: 0 | P87: 0 | Q87: 0 | R87: 0 | S87: 0 | T87: 0 | U87: 0 | V87: 0 | W87: 0 | X87: 0 | Y87: 0 | Z87: 0 | AA87: 0 | AB87: 0 | AC87: 0 | AD87: 0 | AE87: 0 | AF87: 0 | AG87: 0 | AH87: 0 | AI87: 0 | AJ87: 0 | AK87: 0 | AL87: 0 | AM87: 0 | AN87: 0 | AO87: 0 | AP87: 0 | AQ87: 0 | AR87: 0 | AS87: 0 | AT87: 0 | AU87: 0 | AV87: 0 | AW87: 0 | AX87: 0
A88: W29 | B88: 46216 | C88: BL23 | D88: 25BW07 | E88: L1 | F88: 13 | G88: 1560 | H88: =1-I88/G88 -> 0.99679487 | I88: =SUM(L88:AX88) -> 5 | J88: =K88/G88 -> 0 | K88: =SUM(L88:U88) -> 0 | L88: 0 | M88: 0 | N88: 0 | O88: 0 | P88: 0 | Q88: 0 | R88: 0 | S88: 0 | T88: 0 | U88: 0 | V88: 0 | W88: 0 | X88: 0 | Y88: 0 | Z88: 0 | AA88: 0 | AB88: 0 | AC88: 0 | AD88: 0 | AE88: 0 | AF88: 0 | AG88: 0 | AH88: 0 | AI88: 0 | AJ88: 0 | AK88: 0 | AL88: 0 | AM88: 0 | AN88: 0 | AO88: 0 | AP88: 0 | AQ88: 0 | AR88: 0 | AS88: 0 | AT88: 0 | AU88: 5 | AV88: 0 | AW88: 0 | AX88: 0
A89: W29 | B89: 46216 | C89: BL23 | D89: 25BW08 | E89: L1 | F89: 11 | G89: 1320 | H89: =1-I89/G89 -> 0.99621212 | I89: =SUM(L89:AX89) -> 5 | J89: =K89/G89 -> 0.003030303 | K89: =SUM(L89:U89) -> 4 | L89: 0 | M89: 1 | N89: 0 | O89: 3 | P89: 0 | Q89: 0 | R89: 0 | S89: 0 | T89: 0 | U89: 0 | V89: 0 | W89: 0 | X89: 0 | Y89: 0 | Z89: 0 | AA89: 0 | AB89: 0 | AC89: 0 | AD89: 0 | AE89: 0 | AF89: 0 | AG89: 0 | AH89: 0 | AI89: 0 | AJ89: 0 | AK89: 0 | AL89: 0 | AM89: 0 | AN89: 0 | AO89: 0 | AP89: 0 | AQ89: 1 | AR89: 0 | AS89: 0 | AT89: 0 | AU89: 0 | AV89: 0 | AW89: 0 | AX89: 0
A90: W29 | B90: 46217 | C90: SP8 MHC | D90: 25BW38 | E90: L1 | F90: 13 | G90: =F90*21 -> 273 | H90: =1-I90/G90 -> 0.98901099 | I90: =SUM(L90:AX90) -> 3 | J90: =K90/G90 -> 0 | K90: =SUM(L90:U90) -> 0 | L90: 0 | M90: 0 | N90: 0 | O90: 0 | P90: 0 | Q90: 0 | R90: 0 | S90: 0 | T90: 0 | U90: 0 | V90: 0 | W90: 0 | X90: 0 | Y90: 0 | Z90: 0 | AA90: 0 | AB90: 0 | AC90: 1 | AD90: 0 | AE90: 0 | AF90: 0 | AG90: 0 | AH90: 2 | AI90: 0 | AJ90: 0 | AK90: 0 | AL90: 0 | AM90: 0 | AN90: 0 | AO90: 0 | AP90: 0 | AQ90: 0 | AR90: 0 | AS90: 0 | AT90: 0 | AU90: 0 | AV90: 0 | AW90: 0 | AX90: 0
A91: W29 | B91: 46217 | C91: BL23 | D91: 17BW34B001 | E91: L3 | F91: 3 | G91: 360 | H91: =1-I91/G91 -> 1 | I91: =SUM(L91:AX91) -> 0 | J91: =K91/G91 -> 0 | K91: =SUM(L91:U91) -> 0 | L91: 0 | M91: 0 | N91: 0 | O91: 0 | P91: 0 | Q91: 0 | R91: 0 | S91: 0 | T91: 0 | U91: 0 | V91: 0 | W91: 0 | X91: 0 | Y91: 0 | Z91: 0 | AA91: 0 | AB91: 0 | AC91: 0 | AD91: 0 | AE91: 0 | AF91: 0 | AG91: 0 | AH91: 0 | AI91: 0 | AJ91: 0 | AK91: 0 | AL91: 0 | AM91: 0 | AN91: 0 | AO91: 0 | AP91: 0 | AQ91: 0 | AR91: 0 | AS91: 0 | AT91: 0 | AU91: 0 | AV91: 0 | AW91: 0 | AX91: 0
A92: W29 | B92: 46217 | C92: BL23 | D92: 18BW56B001 | E92: L1 | F92: 1 | G92: 120 | H92: =1-I92/G92 -> 1 | I92: =SUM(L92:AX92) -> 0 | J92: =K92/G92 -> 0 | K92: =SUM(L92:U92) -> 0 | L92: 0 | M92: 0 | N92: 0 | O92: 0 | P92: 0 | Q92: 0 | R92: 0 | S92: 0 | T92: 0 | U92: 0 | V92: 0 | W92: 0 | X92: 0 | Y92: 0 | Z92: 0 | AA92: 0 | AB92: 0 | AC92: 0 | AD92: 0 | AE92: 0 | AF92: 0 | AG92: 0 | AH92: 0 | AI92: 0 | AJ92: 0 | AK92: 0 | AL92: 0 | AM92: 0 | AN92: 0 | AO92: 0 | AP92: 0 | AQ92: 0 | AR92: 0 | AS92: 0 | AT92: 0 | AU92: 0 | AV92: 0 | AW92: 0 | AX92: 0
A93: W29 | B93: 46218 | C93: SP8 MHC | D93: 25BW40 | E93: L2 | F93: 11 | G93: =F93*21 -> 231 | H93: =1-I93/G93 -> 0.99134199 | I93: =SUM(L93:AX93) -> 2 | J93: =K93/G93 -> 0.0043290043 | K93: =SUM(L93:U93) -> 1 | L93: 0 | M93: 0 | N93: 0 | O93: 0 | P93: 0 | Q93: 1 | R93: 0 | S93: 0 | T93: 0 | U93: 0 | V93: 0 | W93: 0 | X93: 0 | Y93: 0 | Z93: 0 | AA93: 0 | AB93: 0 | AC93: 0 | AD93: 0 | AE93: 0 | AF93: 0 | AG93: 0 | AH93: 1 | AI93: 0 | AJ93: 0 | AK93: 0 | AL93: 0 | AM93: 0 | AN93: 0 | AO93: 0 | AP93: 0 | AQ93: 0 | AR93: 0 | AS93: 0 | AT93: 0 | AU93: 0 | AV93: 0 | AW93: 0 | AX93: 0
A94: W29 | B94: 46218 | C94: SP8 MHC | D94: 25BW47 | E94: L2 | F94: 7 | G94: =F94*21 -> 147 | H94: =1-I94/G94 -> 0.99319728 | I94: =SUM(L94:AX94) -> 1 | J94: =K94/G94 -> 0.0068027211 | K94: =SUM(L94:U94) -> 1 | L94: 0 | M94: 0 | N94: 0 | O94: 0 | P94: 0 | Q94: 1 | R94: 0 | S94: 0 | T94: 0 | U94: 0 | V94: 0 | W94: 0 | X94: 0 | Y94: 0 | Z94: 0 | AA94: 0 | AB94: 0 | AC94: 0 | AD94: 0 | AE94: 0 | AF94: 0 | AG94: 0 | AH94: 0 | AI94: 0 | AJ94: 0 | AK94: 0 | AL94: 0 | AM94: 0 | AN94: 0 | AO94: 0 | AP94: 0 | AQ94: 0 | AR94: 0 | AS94: 0 | AT94: 0 | AU94: 0 | AV94: 0 | AW94: 0 | AX94: 0
A95: W29 | B95: 46218 | C95: SP8 MHC | D95: 25BW50 | E95: L1 | F95: 11 | G95: =F95*21 -> 231 | H95: =1-I95/G95 -> 1 | I95: =SUM(L95:AX95) -> 0 | J95: =K95/G95 -> 0 | K95: =SUM(L95:U95) -> 0 | L95: 0 | M95: 0 | N95: 0 | O95: 0 | P95: 0 | Q95: 0 | R95: 0 | S95: 0 | T95: 0 | U95: 0 | V95: 0 | W95: 0 | X95: 0 | Y95: 0 | Z95: 0 | AA95: 0 | AB95: 0 | AC95: 0 | AD95: 0 | AE95: 0 | AF95: 0 | AG95: 0 | AH95: 0 | AI95: 0 | AJ95: 0 | AK95: 0 | AL95: 0 | AM95: 0 | AN95: 0 | AO95: 0 | AP95: 0 | AQ95: 0 | AR95: 0 | AS95: 0 | AT95: 0 | AU95: 0 | AV95: 0 | AW95: 0 | AX95: 0
A96: W29 | B96: 46218 | C96: SP8 MHC | D96: 25BW50B001 | E96: L1 | F96: 1 | G96: =F96*21 -> 21 | H96: =1-I96/G96 -> 1 | I96: =SUM(L96:AX96) -> 0 | J96: =K96/G96 -> 0 | K96: =SUM(L96:U96) -> 0 | L96: 0 | M96: 0 | N96: 0 | O96: 0 | P96: 0 | Q96: 0 | R96: 0 | S96: 0 | T96: 0 | U96: 0 | V96: 0 | W96: 0 | X96: 0 | Y96: 0 | Z96: 0 | AA96: 0 | AB96: 0 | AC96: 0 | AD96: 0 | AE96: 0 | AF96: 0 | AG96: 0 | AH96: 0 | AI96: 0 | AJ96: 0 | AK96: 0 | AL96: 0 | AM96: 0 | AN96: 0 | AO96: 0 | AP96: 0 | AQ96: 0 | AR96: 0 | AS96: 0 | AT96: 0 | AU96: 0 | AV96: 0 | AW96: 0 | AX96: 0
A97: W29 | B97: 46218 | C97: SP8 MHC | D97: 25BW54B001 | E97: L1 | F97: 1 | G97: =F97*21 -> 21 | H97: =1-I97/G97 -> 1 | I97: =SUM(L97:AX97) -> 0 | J97: =K97/G97 -> 0 | K97: =SUM(L97:U97) -> 0 | L97: 0 | M97: 0 | N97: 0 | O97: 0 | P97: 0 | Q97: 0 | R97: 0 | S97: 0 | T97: 0 | U97: 0 | V97: 0 | W97: 0 | X97: 0 | Y97: 0 | Z97: 0 | AA97: 0 | AB97: 0 | AC97: 0 | AD97: 0 | AE97: 0 | AF97: 0 | AG97: 0 | AH97: 0 | AI97: 0 | AJ97: 0 | AK97: 0 | AL97: 0 | AM97: 0 | AN97: 0 | AO97: 0 | AP97: 0 | AQ97: 0 | AR97: 0 | AS97: 0 | AT97: 0 | AU97: 0 | AV97: 0 | AW97: 0 | AX97: 0
A98: W29 | B98: 46218 | C98: SP8 MHC | D98: 25BW64 | E98: L1 | F98: 1 | G98: =F98*21 -> 21 | H98: =1-I98/G98 -> 1 | I98: =SUM(L98:AX98) -> 0 | J98: =K98/G98 -> 0 | K98: =SUM(L98:U98) -> 0 | L98: 0 | M98: 0 | N98: 0 | O98: 0 | P98: 0 | Q98: 0 | R98: 0 | S98: 0 | T98: 0 | U98: 0 | V98: 0 | W98: 0 | X98: 0 | Y98: 0 | Z98: 0 | AA98: 0 | AB98: 0 | AC98: 0 | AD98: 0 | AE98: 0 | AF98: 0 | AG98: 0 | AH98: 0 | AI98: 0 | AJ98: 0 | AK98: 0 | AL98: 0 | AM98: 0 | AN98: 0 | AO98: 0 | AP98: 0 | AQ98: 0 | AR98: 0 | AS98: 0 | AT98: 0 | AU98: 0 | AV98: 0 | AW98: 0 | AX98: 0
A99: W29 | B99: 46218 | C99: SP8 MHC | D99: 25BW67 | E99: L1 | F99: 1 | G99: =F99*21 -> 21 | H99: =1-I99/G99 -> 0.95238095 | I99: =SUM(L99:AX99) -> 1 | J99: =K99/G99 -> 0 | K99: =SUM(L99:U99) -> 0 | L99: 0 | M99: 0 | N99: 0 | O99: 0 | P99: 0 | Q99: 0 | R99: 0 | S99: 0 | T99: 0 | U99: 0 | V99: 0 | W99: 0 | X99: 0 | Y99: 1 | Z99: 0 | AA99: 0 | AB99: 0 | AC99: 0 | AD99: 0 | AE99: 0 | AF99: 0 | AG99: 0 | AH99: 0 | AI99: 0 | AJ99: 0 | AK99: 0 | AL99: 0 | AM99: 0 | AN99: 0 | AO99: 0 | AP99: 0 | AQ99: 0 | AR99: 0 | AS99: 0 | AT99: 0 | AU99: 0 | AV99: 0 | AW99: 0 | AX99: 0
A100: W29 | B100: 46218 | C100: BL23 | D100: 17BW34B003 | E100: L3 | F100: 1 | G100: 120 | H100: =1-I100/G100 -> 0.99166667 | I100: =SUM(L100:AX100) -> 1 | J100: =K100/G100 -> 0.0083333333 | K100: =SUM(L100:U100) -> 1 | L100: 1 | M100: 0 | N100: 0 | O100: 0 | P100: 0 | Q100: 0 | R100: 0 | S100: 0 | T100: 0 | U100: 0 | V100: 0 | W100: 0 | X100: 0 | Y100: 0 | Z100: 0 | AA100: 0 | AB100: 0 | AC100: 0 | AD100: 0 | AE100: 0 | AF100: 0 | AG100: 0 | AH100: 0 | AI100: 0 | AJ100: 0 | AK100: 0 | AL100: 0 | AM100: 0 | AN100: 0 | AO100: 0 | AP100: 0 | AQ100: 0 | AR100: 0 | AS100: 0 | AT100: 0 | AU100: 0 | AV100: 0 | AW100: 0 | AX100: 0 | AY100: F15*1 to F18
A101: W29 | B101: 46218 | C101: BL23 | D101: 25BW06 | E101: L2 | F101: 11 | G101: 1320 | H101: =1-I101/G101 -> 0.99393939 | I101: =SUM(L101:AX101) -> 8 | J101: =K101/G101 -> 0.003030303 | K101: =SUM(L101:U101) -> 4 | L101: 4 | M101: 0 | N101: 0 | O101: 0 | P101: 0 | Q101: 0 | R101: 0 | S101: 0 | T101: 0 | U101: 0 | V101: 0 | W101: 0 | X101: 0 | Y101: 0 | Z101: 0 | AA101: 0 | AB101: 0 | AC101: 0 | AD101: 0 | AE101: 0 | AF101: 0 | AG101: 0 | AH101: 0 | AI101: 0 | AJ101: 0 | AK101: 0 | AL101: 0 | AM101: 0 | AN101: 4 | AO101: 0 | AP101: 0 | AQ101: 0 | AR101: 0 | AS101: 0 | AT101: 0 | AU101: 0 | AV101: 0 | AW101: 0 | AX101: 0 | AY101: F15*1 to F18
A102: W29 | B102: 46218 | C102: BL23 | D102: 25BW07 | E102: L2 | F102: 13 | G102: 1560 | H102: =1-I102/G102 -> 0.9974359 | I102: =SUM(L102:AX102) -> 4 | J102: =K102/G102 -> 0.0025641026 | K102: =SUM(L102:U102) -> 4 | L102: 4 | M102: 0 | N102: 0 | O102: 0 | P102: 0 | Q102: 0 | R102: 0 | S102: 0 | T102: 0 | U102: 0 | V102: 0 | W102: 0 | X102: 0 | Y102: 0 | Z102: 0 | AA102: 0 | AB102: 0 | AC102: 0 | AD102: 0 | AE102: 0 | AF102: 0 | AG102: 0 | AH102: 0 | AI102: 0 | AJ102: 0 | AK102: 0 | AL102: 0 | AM102: 0 | AN102: 0 | AO102: 0 | AP102: 0 | AQ102: 0 | AR102: 0 | AS102: 0 | AT102: 0 | AU102: 0 | AV102: 0 | AW102: 0 | AX102: 0 | AY102: F15*4 to F18
...

Sheet Recon yield 統計
A1: Week | B1: W38
A2: Device | B2: (多重項目)
A3: Team | B3: 6446
A5: 列標籤 | B5: 計數 - Lot | C5: 加總 - Qty | D5: 加總 - Die | E5: 加總 - All Defect | F5: 加總 - F18 | G5: 加總 - Wait check | H5: 加總 - PI Coat | I5: 加總 - PI Cure | J5: 加總 - PR Coat | K5: 加總 - PR Exp | L5: 加總 - Sput | M5: 加總 - Etch | N5: 加總 - Final | O5: 加總 - Recon | P5: 加總 - FOUP | Q5: 加總 - F02 | R5: 加總 - F03 | S5: 加總 - F04 | T5: 加總 - F05 | U5: 加總 - F07 | V5: 加總 - F08 | W5: 加總 - F12 | X5: 加總 - F13 | Y5: 加總 - F15 | Z5: 加總 - F20 | AA5: 加總 - Cu-S Abnormal | AB5: 加總 - Small via | AC5: 加總 - Glass particle | AD5: 加總 - F21 | AE5: 加總 - F22 | AF5: 加總 - F23 | AG5: 加總 - F27 | AH5: 加總 - F30 | AI5: 加總 - F61 | AJ5: 加總 - F68 | AK5: 加總 - F69 | AL5: 加總 - F70 | AM5: 加總 - F71 | AN5: 加總 - F72 | AO5: 加總 - F74 | AP5: 加總 - F77 | AQ5: 加總 - Others
A6: 46280 | B6: 3 | C6: 36 | D6: 756 | E6: 3 | F6: 0 | G6: 0 | H6: 0 | I6: 0 | J6: 0 | K6: 0 | L6: 0 | M6: 0 | N6: 0 | O6: 0 | P6: 0 | Q6: 0 | R6: 0 | S6: 0 | T6: 0 | U6: 0 | V6: 0 | W6: 0 | X6: 0 | Y6: 0 | Z6: 0 | AA6: 0 | AB6: 0 | AC6: 2 | AD6: 0 | AE6: 0 | AF6: 0 | AG6: 0 | AH6: 0 | AI6: 1 | AJ6: 0 | AK6: 0 | AL6: 0 | AM6: 0 | AN6: 0 | AO6: 0 | AP6: 0 | AQ6: 0
A7: 總計 | B7: 3 | C7: 36 | D7: 756 | E7: 3 | F7: 0 | G7: 0 | H7: 0 | I7: 0 | J7: 0 | K7: 0 | L7: 0 | M7: 0 | N7: 0 | O7: 0 | P7: 0 | Q7: 0 | R7: 0 | S7: 0 | T7: 0 | U7: 0 | V7: 0 | W7: 0 | X7: 0 | Y7: 0 | Z7: 0 | AA7: 0 | AB7: 0 | AC7: 2 | AD7: 0 | AE7: 0 | AF7: 0 | AG7: 0 | AH7: 0 | AI7: 1 | AJ7: 0 | AK7: 0 | AL7: 0 | AM7: 0 | AN7: 0 | AO7: 0 | AP7: 0 | AQ7: 0
A16: 總計 | B16: 3 | C16: 36 | D16: 756 | E16: 3 | F16: 0 | G16: 0 | H16: 0 | I16: 0 | J16: 0 | K16: 0 | L16: 0 | M16: 0 | N16: 0 | O16: 0 | P16: 0 | Q16: 0 | R16: 0 | S16: 0 | T16: 0 | U16: 0 | V16: 0 | W16: 0 | X16: 0 | Y16: 0 | Z16: 0 | AA16: 0 | AB16: 0 | AC16: 2 | AD16: 0 | AE16: 0 | AF16: 0 | AG16: 0 | AH16: 0 | AI16: 1 | AJ16: 0 | AK16: 0 | AL16: 0 | AM16: 0 | AN16: 0 | AO16: 0 | AP16: 0 | AQ16: 0
E17: =E16/$D16 -> 0.003968254 | F17: =F16/$D16 -> 0 | G17: =G16/$D16 -> 0 | H17: =H16/$D16 -> 0 | I17: =I16/$D16 -> 0 | J17: =J16/$D16 -> 0 | K17: =K16/$D16 -> 0 | L17: =L16/$D16 -> 0 | ... AQ17: =AQ16/$D16 -> 0
E18: =1-E17 -> 0.99603175

Sheet Server-Recon Daily  
C1: Short Bump Due to Foreign/Photo Material | D1: Bump Bridge | E1: Bump Shift | F1: Irregular Solder (Shape & Size) | G1: Damage Solder Bump | H1: Expose Cap Metal | I1: RCM | J1: Particle | K1: RPM | L1: Cu-S Abnormal | M1: Small via | N1: Glass Particle | O1: Foreign Material | P1: Die Surface Scratch/Damage | Q1: Polymer damage | R1: Oxidation | S1: Plolymer Broken | T1: Die Crack | U1: Miss Custud | V1: Deformed Custud | W1: Mold Residual on Custud | X1: Custud Discoloration | Y1: Custud Shorting Metal Traces | Z1: EMC Metal Residual | AA1: Recon+PI1 Yield | AB1: Yield Goal (99.50%)
B2: 12/18 (30+73wfs) | X2: 0.011089367 | AA2: 0.9604 | AB2: 0.98
B3: 12/19 (0+0wfs) | AB3: 0.98
B4: 12/22 (15+12 wfs) | AA4: 0.9937 | AB4: 0.98
B5: 12/23 (2+5 wfs) | AA5: 0.919 | AB5: 0.98
B6: 12/24 (25+0 wfs) | AA6: 0.9771 | AB6: 0.98
B7: 12/26 (0+0 wfs) | AB7: 0.98
B8: 12/29 (7+0 wfs) | AA8: 1 | AB8: 0.98
B9: 12/30 (1+1 wfs) | AA9: 1 | AB9: 0.98
B10: 12/31 (0+0 wfs) | AB10: 0.98
B11: 1/2 (0+12 wfs) | AA11: 0.996 | AB11: 0.98
B12: 1/5 (6+2 wfs) | AA12: 0.9206 | AB12: 0.99
B13: 1/6 (12+2 wfs) | AA13: 0.996 | AB13: 0.99
B14: 1/7 (0+1 wfs) | AA14: 1 | AB14: 0.99
B15: 1/8 (1+0 wfs) | V15: 0.0476 | AA15: 0.9524 | AB15: 0.99
B16: 1/9 (0+0 wfs) | AB16: 0.99
B17: 1/12 (13+16 wfs) | V17: 0.0073 | AA17: 0.9675 | AB17: 0.99
B18: 1/13 (0+0 wfs) | AA18: 0.819 | AB18: 0.99
B19: 1/14 (0+0 wfs) | AB19: 0.99
B20: 1/15 (0+0 wfs) | AB20: 0.99
B21: 1/16 (0+0 wfs) | AB21: 0.99
B22: 1/19 (0+0 wfs) | AB22: 0.99
B23: 1/20 (0+0 wfs) | AB23: 0.99
B24: 1/21 (1 lots 13 wfs) | V24: 0.0073 | X24: 0.0073 | AA24: 0.9853 | AB24: 0.99
A25: W05 | B25: 1/22 (3 lots 35 wfs) | V25: 0.019 | AA25: 0.981 | AB25: 0.99
B26: 1/23 (0 lot 0 wfs) | AB26: 0.99
B27: 1/26 (1 lot 13 wfs) | AA27: 1 | AB27: 0.99
B28: 1/27 (0 lot 0 wfs) | AB28: 0.99
A29: W06 | B29: 1/28 (1 lot 13 wfs) | V29: 0.0037 | AA29: 0.9963 | AB29: 0.99
B30: 1/29 (1 lot 6 wfs) | AA30: 1 | AB30: 0.99
B31: 1/30 (0 lot 0 wfs) | AB31: 0.99
B32: 2/2 (0 lot 0 wfs) | AB32: 0.99
B33: 2/3 (1 lot 2 wfs) | V33: 0.0238 | AA33: 0.9762 | AB33: 0.99
A34: W07 | B34: 2/4 (0 lot 0 wfs) | AB34: 0.99
B35: 2/5 (0 lot 0 wfs) | AB35: 0.99
B36: 2/6 (0 lot 0 wfs) | AB36: 0.99
B37: 2/9 (0 lot 0 wfs) | AB37: 0.99
B38: 2/10 (0 lot 0 wfs) | AB38: 0.99
A39: W08 | B39: 2/11 (0 lot 0 wfs) | AB39: 0.99
B40: 2/12 (0 lot 0 wfs) | AB40: 0.99
B41: 2/13 (0 lot 0 wfs) | AB41: 0.99
B42: 2/20 (0 lot 0 wfs) | AB42: 0.99
A43: W09 | B43: 2/23 (0 lot 0 wfs) | AB43: 0.99
B44: 2/24 (0 lot 0 wfs) | AB44: 0.99
A45: W10 | B45: 2/25 (0 lot 0 wfs) | AB45: 0.99
B46: 2/26 (0 lot 0 wfs) | AB46: 0.99
B47: 3/2 (0 lot 0 wfs) | AB47: 0.99
B48: 3/3 (0 lot 0 wfs) | AB48: 0.99
A49: W11 | B49: 3/4 (0 lot 0 wfs) (0 lot 0 wfs) | AB49: 0.99
B50: 3/5 (0 lot 0 wfs) (0 lot 0 wfs) | AB50: 0.99
B51: 3/6 (0 lot 0 wfs) (0 lot 0 wfs) | AB51: 0.99
B52: 3/9 (0 lot 0 wfs) (0 lot 0 wfs) | AB52: 0.99
B53: 3/10 (0 lot 0 wfs) (0 lot 0 wfs) | AB53: 0.99
A54: W12 | B54: 3/11 (1 lot 9 wfs) (0 lot 0 wfs) | V54: 0.0053 | AA54: 0.9947 | AB54: 0.99
B55: 3/12 (0 lot 0 wfs) (0 lot 0 wfs) | AB55: 0.99
B56: 3/13 (0 lot 0 wfs) (0 lot 0 wfs) | AB56: 0.99
B57: 3/16 (0 lot 0 wfs) (0 lot 0 wfs) | AB57: 0.99
B58: 3/17 (0 lot 0 wfs) (1 lot 9 wfs) | L58: 0.0476 | V58: 0.0053 | AA58: 0.9471 | AB58: 0.99
A59: W13 | B59: 3/18 (0 lot 0 wfs) (0 lot 0 wfs) | AB59: 0.99
B60: 3/19 (0 lot 0 wfs) (0 lot 0 wfs) | AB60: 0.99
B61: 3/20 (0 lot 0 wfs) (0 lot 0 wfs) | AB61: 0.99
B62: W12 (1 lot 9 wfs) (1 lot 9 wfs) | V62: 0.0053 | X62: 0.0238 | AA62: 0.9709 | AB62: 0.99
B63: W13 (0 lot 0 wfs) (0 lot 0 wfs) | AB63: 0.99
B64: W14 (0 lot 0 wfs) (0 lot 0 wfs) | AB64: 0.99
B65: W15 (0 lot 0 wfs) (0 lot 0 wfs) | AB65: 0.99
B66: W16 (0 lot 0 wfs) (0 lot 0 wfs) | AB66: 0.99
B67: W17 (13 lot 99 wfs) (11 lot 86 wfs) | E67: 0.0008 | J67: 0.001 | L67: 0.0036 | M67: 0.0003 | P67: 0.0005 | U67: 0.0008 | V67: 0.0028 | AA67: 0.9902 | AB67: 0.99
B68: W18 (15 lots 73 wfs) (3 lots 24 wfs) | J68: 0.0015 | V68: 0.0034 | X68: 0.0005 | AA68: 0.9946 | AB68: 0.99
B69: W19 (0 lot 0 wfs) (12 lots 40 wfs) | E69: 0.0012 | J69: 0.0012 | L69: 0.0012 | S69: 0.0024 | AA69: 0.994 | AB69: 0.99
B70: W20 (1 lot 13 wfs) (0 lot 0 wfs) | F70: 0.0037 | AA70: 0.9963 | AB70: 0.99
B71: W21 (0 lot 0 wfs) (1 lot 13 wfs) | E71: 0.011 | J71: 0.0037 | AA71: 0.9853 | AB71: 0.99
B72: W22 (0 lot 0 wfs) (0 lot 0 wfs) | AB72: 0.99
B73: W23 (0 lot 0 wfs) (0 lot 0 wfs) | AB73: 0.99
B74: W24 (0 lot 0 wfs) (0 lot 0 wfs) | AB74: 0.99
B75: W25 (0 lot 0 wfs) (0 lot 0 wfs) | AB75: 0.9925
B76: W26 (6 lots 68 wfs) (0 lot 0 wfs) | V76: 0.0014 | AA76: 0.9986 | AB76: 0.9925
B77: W27 (6 lots 76 wfs) (3 lots 31 wfs) | L77: 0.0031 | M77: 0.0004 | U77: 0.0004 | V77: 0.0004 | AA77: 0.9955 | AB77: 0.9925
B78: W28 (16 lots 124 wfs) (5 lots 61 wfs) | L78: 0.0039 | V78: 0.0013 | W78: 0.0003 | AA78: 0.9946 | AB78: 0.991
B79: W29 (6 lots 37 wfs) (14 lots 85 wfs) | E79: 0.001 | L79: 0.0021 | Q79: 0.0003 | U79: 0.0003 | V79: 0.0003 | W79: 0.0003 | Z79: 0.0003 | AA79: 0.9952 | AB79: 0.991
B80: W30 (2 lots 3 wfs) (7 lots 58 wfs) | E80: 0.0008 | L80: 0.0008 | Q80: 0.0016 | V80: 0.0008 | AA80: 0.9961 | AB80: 0.991
B81: W31 (11 lots 59 wfs) (3 lots 24 wfs) | E81: 0.0004 | W81: 0.0004 | AA81: 0.9991 | AB81: 0.991
B82: W32 (24 lots 72 wfs) (22 lots 64 wfs) | C82: 0.0003 | E82: 0.0011 | H82: 0.0005 | Q82: 0.0005 | U82: 0.0005 | X82: 0.0003 | Y82: 0.0005 | AA82: 0.9963 | AB82: 0.991
B83: W33 (6 lots 26 wfs) (17 lots 78 wfs) | E83: 0.0011 | H83: 0.0007 | J83: 0.0004 | K83: 0.0004 | V83: 0.0004 | Y83: 0.0007 | AA83: 0.9963 | AB83: 0.995
B84: W34 (0 lot 0 wfs) (1 lot 2 wfs) | AA84: 1 | AB84: 0.995
B85: W35 (2 lots 5 wfs) (1 lot 1 wfs) | AA85: 1 | AB85: 0.995
B86: W36 (144 lots 823 wfs) | C86: 0.0002 | D86: 0.0001 | E86: 0.0005 | G86: 0.0002 | H86: 0.0003 | I86: 0.0001 | J86: 0.0006 | K86: 0.0003 | L86: 0.0001 | O86: 0.0003 | Q86: 0.0004 | R86: 0.0001 | S86: 0.0003 | T86: 0.0002 | U86: 0.0002 | V86: 0.0002 | W86: 0.0001 | X86: 0.0001 | Y86: 0.0002 | AA86: 0.9956 | AB86: 0.995
B87: W37 (33 lots 180 wfs) | C87: 0.0005 | E87: 0.0007 | G87: 0.0002 | H87: 0.0002 | J87: 0.001 | K87: 0.0027 | O87: 0.0005 | Q87: 0.0022 | S87: 0.001 | T87: 0.0005 | X87: 0.0005 | AA87: 0.9901 | AB87: 0.995
B88: W17 (13 lot 99 wfs) (11 lot 86 wfs) | E88: 0.0008 | J88: 0.001 | L88: 0.0036 | M88: 0.0003 | P88: 0.0005 | U88: 0.0008 | V88: 0.0028 | AA88: 0.9902 | AB88: 0.995
B89: 3/23 (0 lot 0 wfs) (0 lot 0 wfs) | AB89: 0.995
B90: 3/24 (0 lot 0 wfs) (0 lot 0 wfs) | AB90: 0.995
A91: W14 | B91: 3/25 (0 lot 0 wfs) (0 lot 0 wfs) | AB91: 0.995
B92: 3/26 (0 lot 0 wfs) (0 lot 0 wfs) | AB92: 0.995
B93: 3/27 (0 lot 0 wfs) (0 lot 0 wfs) | AB93: 0.995
B94: 3/30 (0 lot 0 wfs) (0 lot 0 wfs) | AB94: 0.995
B95: 3/31 (0 lot 0 wfs) (0 lot 0 wfs) | AB95: 0.995
A96: W15 | B96: 4/1 (0 lot 0 wfs) (0 lot 0 wfs) | AB96: 0.995
B97: 4/2 (0 lot 0 wfs) (0 lot 0 wfs) | AB97: 0.995
B98: 4/6 (0 lot 0 wfs) (0 lot 0 wfs) | AB98: 0.995
B99: 4/7 (0 lot 0 wfs) (0 lot 0 wfs) | AB99: 0.995
A100: W16 | B100: 4/8 (0 lot 0 wfs) (0 lot 0 wfs) | AB100: 0.995
...

Sheet Dist- Recon Daily  
C1: Particle | D1: Bump Shift | E1: Irregular Solder (Shape & Size) | F1: Cu-S 開孔異常 | G1: Small via | H1: Die Surface Scratch/Damage | I1: Plolymer Broken | J1: Miss Custud | K1: Deformed Custud | L1: Mold Residual on Custud | M1: Custud Discoloration | N1: Recon+PI1 Yield | O1: Yield Goal (99.85%)
B2: 12/18 (30+73wfs) | M2: 0.011089367 | N2: 0.9604 | O2: 0.98
B3: 12/19 (0+0wfs) | O3: 0.98
B4: 12/22 (15+12 wfs) | N4: 0.9937 | O4: 0.98
B5: 12/23 (2+5 wfs) | N5: 0.919 | O5: 0.98
B6: 12/24 (25+0 wfs) | N6: 0.9771 | O6: 0.98
B7: 12/26 (0+0 wfs) | O7: 0.98
B8: 12/29 (7+0 wfs) | N8: 1 | O8: 0.98
B9: 12/30 (1+1 wfs) | N9: 1 | O9: 0.98
B10: 12/31 (0+0 wfs) | O10: 0.98
B11: 1/2 (0+12 wfs) | N11: 0.996 | O11: 0.98
B12: 1/5 (6+2 wfs) | N12: 0.9206 | O12: 0.99
B13: 1/6 (12+2 wfs) | N13: 0.996 | O13: 0.99
B14: 1/7 (0+1 wfs) | N14: 1 | O14: 0.99
B15: 1/8 (1+0 wfs) | K15: 0.0476 | N15: 0.9524 | O15: 0.99
B16: 1/9 (0+0 wfs) | O16: 0.99
B17: 1/12 (13+16 wfs) | K17: 0.0073 | N17: 0.9675 | O17: 0.99
B18: 1/13 (0+0 wfs) | N18: 0.819 | O18: 0.99
B19: 1/14 (0+0 wfs) | O19: 0.99
B20: 1/15 (0+0 wfs) | O20: 0.99
B21: 1/16 (0+0 wfs) | O21: 0.99
B22: 1/19 (0+0 wfs) | O22: 0.99
B23: 1/20 (0+0 wfs) | O23: 0.99
B24: 1/21 (1 lots 13 wfs) | K24: 0.0073 | M24: 0.0073 | N24: 0.9853 | O24: 0.99
A25: W05 | B25: 1/22 (3 lots 35 wfs) | K25: 0.019 | N25: 0.981 | O25: 0.99
B26: 1/23 (0 lot 0 wfs) | O26: 0.99
B27: 1/26 (1 lot 13 wfs) | N27: 1 | O27: 0.99
B28: 1/27 (0 lot 0 wfs) | O28: 0.99
A29: W06 | B29: 1/28 (1 lot 13 wfs) | K29: 0.0037 | N29: 0.9963 | O29: 0.99
B30: 1/29 (1 lot 6 wfs) | N30: 1 | O30: 0.99
B31: 1/30 (0 lot 0 wfs) | O31: 0.99
B32: 2/2 (0 lot 0 wfs) | O32: 0.99
B33: 2/3 (1 lot 2 wfs) | K33: 0.0238 | N33: 0.9762 | O33: 0.99
A34: W07 | B34: 2/4 (0 lot 0 wfs) | O34: 0.99
B35: 2/5 (0 lot 0 wfs) | O35: 0.99
B36: 2/6 (0 lot 0 wfs) | O36: 0.99
B37: 2/9 (0 lot 0 wfs) | O37: 0.99
B38: 2/10 (0 lot 0 wfs) | O38: 0.99
A39: W08 | B39: 2/11 (0 lot 0 wfs) | O39: 0.99
B40: 2/12 (0 lot 0 wfs) | O40: 0.99
B41: 2/13 (0 lot 0 wfs) | O41: 0.99
B42: 2/20 (0 lot 0 wfs) | O42: 0.99
A43: W09 | B43: 2/23 (0 lot 0 wfs) | O43: 0.99
B44: 2/24 (0 lot 0 wfs) | O44: 0.99
A45: W10 | B45: 2/25 (0 lot 0 wfs) | O45: 0.99
B46: 2/26 (0 lot 0 wfs) | O46: 0.99
B47: 3/2 (0 lot 0 wfs) | O47: 0.99
B48: 3/3 (0 lot 0 wfs) | O48: 0.99
A49: W11 | B49: 3/4 (0 lot 0 wfs) (0 lot 0 wfs) | O49: 0.99
B50: 3/5 (0 lot 0 wfs) (0 lot 0 wfs) | O50: 0.99
B51: 3/6 (0 lot 0 wfs) (0 lot 0 wfs) | O51: 0.99
B52: 3/9 (0 lot 0 wfs) (0 lot 0 wfs) | O52: 0.99
B53: 3/10 (0 lot 0 wfs) (0 lot 0 wfs) | O53: 0.99
A54: W12 | B54: 3/11 (1 lot 9 wfs) (0 lot 0 wfs) | K54: 0.0053 | N54: 0.9947 | O54: 0.99
B55: 3/12 (0 lot 0 wfs) (0 lot 0 wfs) | O55: 0.99
B56: 3/13 (0 lot 0 wfs) (0 lot 0 wfs) | O56: 0.99
B57: 3/16 (0 lot 0 wfs) (0 lot 0 wfs) | O57: 0.99
B58: 3/17 (0 lot 0 wfs) (1 lot 9 wfs) | F58: 0.0476 | K58: 0.0053 | N58: 0.9471 | O58: 0.99
A59: W13 | B59: 3/18 (0 lot 0 wfs) (0 lot 0 wfs) | O59: 0.99
B60: 3/19 (0 lot 0 wfs) (0 lot 0 wfs) | O60: 0.99
B61: 3/20 (0 lot 0 wfs) (0 lot 0 wfs) | O61: 0.99
B62: W12 (1 lot 9 wfs) (1 lot 9 wfs) | K62: 0.0053 | M62: 0.0238 | N62: 0.9709 | O62: 0.99
B63: W13 (0 lot 0 wfs) (0 lot 0 wfs) | O63: 0.99
B64: W14 (0 lot 0 wfs) (0 lot 0 wfs) | O64: 0.99
B65: W15 (0 lot 0 wfs) (0 lot 0 wfs) | O65: 0.99
B66: W16 (0 lot 0 wfs) (0 lot 0 wfs) | O66: 0.99
B67: W17 (13 lot 99 wfs) (11 lot 86 wfs) | C67: 0.001 | D67: 0.0008 | F67: 0.0036 | G67: 0.0003 | H67: 0.0005 | J67: 0.0008 | K67: 0.0028 | N67: 0.9902 | O67: 0.99
B68: W18 (15 lots 73 wfs) (3 lots 24 wfs) | C68: 0.0015 | K68: 0.0034 | M68: 0.0005 | N68: 0.9946 | O68: 0.99
B69: W19 (0 lot 0 wfs) (12 lots 40 wfs) | C69: 0.0012 | D69: 0.0012 | F69: 0.0012 | I69: 0.0024 | N69: 0.994 | O69: 0.99
B70: W20 (1 lot 13 wfs) (0 lot 0 wfs) | E70: 0.0037 | N70: 0.9963 | O70: 0.99
B71: W21 (0 lot 0 wfs) (1 lot 13 wfs) | C71: 0.0037 | D71: 0.011 | N71: 0.9853 | O71: 0.99
B72: W22 (0 lot 0 wfs) (0 lot 0 wfs) | O72: 0.99
B73: W23 (0 lot 0 wfs) (0 lot 0 wfs) | O73: 0.99
B74: W24 (0 lot 0 wfs) (0 lot 0 wfs) | O74: 0.99
B75: W25 (0 lot 0 wfs) (0 lot 0 wfs) | O75: 0.9975
B76: W26 (0 lot 0 wfs) (0 lot 0 wfs) | O76: 0.9978
B77: W27 (0 lot 0 wfs) (0 lot 0 wfs) | O77: 0.9978
B78: W28 (0 lot 0 wfs) (0 lot 0 wfs) | O78: 0.9978
B79: W29 (1 lot 3 wfs) (2 lots 25 wfs) | J79: 0.0003 | N79: 0.9997 | O79: 0.9978
B80: W30 (0 lot 0 wfs) (0 lot 0 wfs) | O80: 0.9978
B81: W31 (0 lot 0 wfs) (1 lot 1 wfs) | N81: 1 | O81: 0.9978
B82: W32 (0 lot 0 wfs) (0 lot 0 wfs) | O82: 0.9978
B83: W33 (0 lot 0 wfs) (0 lot 0 wfs) | O83: 0.9985
B84: W34 (0 lot 0 wfs) (0 lot 0 wfs) | O84: 0.9985
B85: W35 (2 lots 13 wfs) (1 lot 10 wfs) | N85: 1 | O85: 0.9985
B86: W36 (2 lots 16 wfs) | N86: 1 | O86: 0.9985
B87: W37 (1 lots 4 wfs) | D87: 0.0021 | N87: 0.9979 | O87: 0.9985
B88: W17 (13 lot 99 wfs) (11 lot 86 wfs) | C88: 0.001 | D88: 0.0008 | O88: 0.9985
B89: 3/23 (0 lot 0 wfs) (0 lot 0 wfs) | O89: 0.9985
B90: 3/24 (0 lot 0 wfs) (0 lot 0 wfs) | O90: 0.9985
A91: W14 | B91: 3/25 (0 lot 0 wfs) (0 lot 0 wfs) | O91: 0.9985
B92: 3/26 (0 lot 0 wfs) (0 lot 0 wfs) | O92: 0.9985
B93: 3/27 (0 lot 0 wfs) (0 lot 0 wfs) | O93: 0.9985
B94: 3/30 (0 lot 0 wfs) (0 lot 0 wfs) | O94: 0.9985
B95: 3/31 (0 lot 0 wfs) (0 lot 0 wfs) | O95: 0.9985
A96: W15 | B96: 4/1 (0 lot 0 wfs) (0 lot 0 wfs) | O96: 0.9985
B97: 4/2 (0 lot 0 wfs) (0 lot 0 wfs) | O97: 0.9985
B98: 4/6 (0 lot 0 wfs) (0 lot 0 wfs) | O98: 0.9985
B99: 4/7 (0 lot 0 wfs) (0 lot 0 wfs) | O99: 0.9985
A100: W16 | B100: 4/8 (0 lot 0 wfs) (0 lot 0 wfs) | O100: 0.9985
...

Sheet Client-Recon Daily
C1: Particle | D1: Bump Shift | E1: Irregular Solder (Shape & Size) | F1: RPM | G1: Cu-S Abnormal | H1: Small via | I1: Die Surface Scratch/Damage | J1: Plolymer Broken | K1: Die Crack | L1: Miss Custud | M1: Deformed Custud | N1: Mold Residual on Custud | O1: Custud Discoloration | P1: Custud Shorting Metal Teaces | Q1: EMC Metal Residual | R1: Recon+PI1 Yield | S1: Yield Goal (99.84%)
B2: 12/18 (30+73wfs) | O2: 0.011089367 | R2: 0.9604 | S2: 0.98
B3: 12/19 (0+0wfs) | S3: 0.98
B4: 12/22 (15+12 wfs) | R4: 0.9937 | S4: 0.98
B5: 12/23 (2+5 wfs) | R5: 0.919 | S5: 0.98
B6: 12/24 (25+0 wfs) | R6: 0.9771 | S6: 0.98
B7: 12/26 (0+0 wfs) | S7: 0.98
B8: 12/29 (7+0 wfs) | R8: 1 | S8: 0.98
B9: 12/30 (1+1 wfs) | R9: 1 | S9: 0.98
B10: 12/31 (0+0 wfs) | S10: 0.98
B11: 1/2 (0+12 wfs) | R11: 0.996 | S11: 0.98
B12: 1/5 (6+2 wfs) | R12: 0.9206 | S12: 0.99
B13: 1/6 (12+2 wfs) | R13: 0.996 | S13: 0.99
B14: 1/7 (0+1 wfs) | R14: 1 | S14: 0.99
B15: 1/8 (1+0 wfs) | M15: 0.0476 | R15: 0.9524 | S15: 0.99
B16: 1/9 (0+0 wfs) | S16: 0.99
B17: 1/12 (13+16 wfs) | M17: 0.0073 | R17: 0.9675 | S17: 0.99
B18: 1/13 (0+0 wfs) | R18: 0.819 | S18: 0.99
B19: 1/14 (0+0 wfs) | S19: 0.99
B20: 1/15 (0+0 wfs) | S20: 0.99
B21: 1/16 (0+0 wfs) | S21: 0.99
B22: 1/19 (0+0 wfs) | S22: 0.99
B23: 1/20 (0+0 wfs) | S23: 0.99
B24: 1/21 (1 lots 13 wfs) | M24: 0.0073 | O24: 0.0073 | R24: 0.9853 | S24: 0.99
A25: W05 | B25: 1/22 (3 lots 35 wfs) | M25: 0.019 | R25: 0.981 | S25: 0.99
B26: 1/23 (0 lot 0 wfs) | S26: 0.99
B27: 1/26 (1 lot 13 wfs) | R27: 1 | S27: 0.99
B28: 1/27 (0 lot 0 wfs) | S28: 0.99
A29: W06 | B29: 1/28 (1 lot 13 wfs) | M29: 0.0037 | R29: 0.9963 | S29: 0.99
B30: 1/29 (1 lot 6 wfs) | R30: 1 | S30: 0.99
B31: 1/30 (0 lot 0 wfs) | S31: 0.99
B32: 2/2 (0 lot 0 wfs) | S32: 0.99
B33: 2/3 (1 lot 2 wfs) | M33: 0.0238 | R33: 0.9762 | S33: 0.99
A34: W07 | B34: 2/4 (0 lot 0 wfs) | S34: 0.99
B35: 2/5 (0 lot 0 wfs) | S35: 0.99
B36: 2/6 (0 lot 0 wfs) | S36: 0.99
B37: 2/9 (0 lot 0 wfs) | S37: 0.99
B38: 2/10 (0 lot 0 wfs) | S38: 0.99
A39: W08 | B39: 2/11 (0 lot 0 wfs) | S39: 0.99
B40: 2/12 (0 lot 0 wfs) | S40: 0.99
B41: 2/13 (0 lot 0 wfs) | S41: 0.99
B42: 2/20 (0 lot 0 wfs) | S42: 0.99
A43: W09 | B43: 2/23 (0 lot 0 wfs) | S43: 0.99
B44: 2/24 (0 lot 0 wfs) | S44: 0.99
A45: W10 | B45: 2/25 (0 lot 0 wfs) | S45: 0.99
B46: 2/26 (0 lot 0 wfs) | S46: 0.99
B47: 3/2 (0 lot 0 wfs) | S47: 0.99
B48: 3/3 (0 lot 0 wfs) | S48: 0.99
A49: W11 | B49: 3/4 (0 lot 0 wfs) (0 lot 0 wfs) | S49: 0.99
B50: 3/5 (0 lot 0 wfs) (0 lot 0 wfs) | S50: 0.99
B51: 3/6 (0 lot 0 wfs) (0 lot 0 wfs) | S51: 0.99
B52: 3/9 (0 lot 0 wfs) (0 lot 0 wfs) | S52: 0.99
B53: 3/10 (0 lot 0 wfs) (0 lot 0 wfs) | S53: 0.99
A54: W12 | B54: 3/11 (1 lot 9 wfs) (0 lot 0 wfs) | M54: 0.0053 | R54: 0.9947 | S54: 0.99
B55: 3/12 (0 lot 0 wfs) (0 lot 0 wfs) | S55: 0.99
B56: 3/13 (0 lot 0 wfs) (0 lot 0 wfs) | S56: 0.99
B57: 3/16 (0 lot 0 wfs) (0 lot 0 wfs) | S57: 0.99
B58: 3/17 (0 lot 0 wfs) (1 lot 9 wfs) | G58: 0.0476 | M58: 0.0053 | R58: 0.9471 | S58: 0.99
A59: W13 | B59: 3/18 (0 lot 0 wfs) (0 lot 0 wfs) | S59: 0.99
B60: 3/19 (0 lot 0 wfs) (0 lot 0 wfs) | S60: 0.99
B61: 3/20 (0 lot 0 wfs) (0 lot 0 wfs) | S61: 0.99
B62: W12 (1 lot 9 wfs) (1 lot 9 wfs) | M62: 0.0053 | O62: 0.0238 | R62: 0.9709 | S62: 0.99
B63: W13 (0 lot 0 wfs) (0 lot 0 wfs) | S63: 0.99
B64: W14 (0 lot 0 wfs) (0 lot 0 wfs) | S64: 0.99
B65: W15 (0 lot 0 wfs) (0 lot 0 wfs) | S65: 0.99
B66: W16 (0 lot 0 wfs) (0 lot 0 wfs) | S66: 0.99
B67: W17 (13 lot 99 wfs) (11 lot 86 wfs) | C67: 0.001 | D67: 0.0008 | G67: 0.0036 | H67: 0.0003 | I67: 0.0005 | L67: 0.0008 | M67: 0.0028 | R67: 0.9902 | S67: 0.99
B68: W18 (15 lots 73 wfs) (3 lots 24 wfs) | C68: 0.0015 | M68: 0.0034 | O68: 0.0005 | R68: 0.9946 | S68: 0.99
B69: W19 (0 lot 0 wfs) (12 lots 40 wfs) | C69: 0.0012 | D69: 0.0012 | G69: 0.0012 | J69: 0.0024 | R69: 0.994 | S69: 0.99
B70: W20 (1 lot 13 wfs) (0 lot 0 wfs) | E70: 0.0037 | R70: 0.9963 | S70: 0.99
B71: W21 (0 lot 0 wfs) (1 lot 13 wfs) | C71: 0.0037 | D71: 0.011 | R71: 0.9853 | S71: 0.99
B72: W22 (0 lot 0 wfs) (0 lot 0 wfs) | S72: 0.99
B73: W23 (0 lot 0 wfs) (0 lot 0 wfs) | S73: 0.99
B74: W24 (0 lot 0 wfs) (0 lot 0 wfs) | S74: 0.99
B75: W25 (0 lot 0 wfs) (0 lot 0 wfs) | S75: 0.9975
B76: W26 (0 lot 0 wfs) (0 lot 0 wfs) | S76: 0.9975
B77: W27 (0 lot 0 wfs) (0 lot 0 wfs) | S77: 0.997
B78: W28 (1 lot 12 wfs) (0 lot 0 wfs) | N78: 0.0005 | R78: 0.9995 | S78: 0.997
B79: W29 (7 lots 55 wfs) (5 lots 44 wfs) | D79: 0.0001 | L79: 0.0001 | M79: 0.001 | N79: 0.0004 | O79: 0.0004 | Q79: 0.0001 | R79: 0.9981 | S79: 0.997
B80: W30 (1 lot 12 wfs) (3 lots 12 wfs) | L80: 0.0005 | M80: 0.0005 | R80: 0.999 | S80: 0.997
B81: W31 (2 lot 6 wfs) (2 lot 14 wfs) | O81: 0.0003 | R81: 0.9997 | S81: 0.997
B82: W32 (2 lots 15 wfs) (0 lot 0 wfs) | M82: 0.0008 | R82: 0.9992 | S82: 0.997
B83: W33 (6 lots 39 wfs) (4 lots 21 wfs) | G83: 0.0001 | K83: 0.0001 | M83: 0.0002 | R83: 0.9996 | S83: 0.9984
B84: W34 (6 lots 34 wfs) (2 lots 9 wfs) | F84: 0.0002 | K84: 0.0006 | R84: 0.9992 | S84: 0.9984
B85: W35 (2 lots 5 wfs) (7 lots 56 wfs) | D85: 0.0001 | E85: 0.0001 | J85: 0.0001 | L85: 0.0001 | R85: 0.9996 | S85: 0.9984
B86: W36 (1 lots 3 wfs) | R86: 1 | S86: 0.9984
B87: W37 (1 lot 13 wfs) | D87: 0.0005 | F87: 0.0005 | M87: 0.0036 | O87: 0.0016 | R87: 0.9938 | S87: 0.9984
B88: W17 (13 lot 99 wfs) (11 lot 86 wfs) | C88: 0.001 | D88: 0.0008 | S88: 0.9984
B89: 3/23 (0 lot 0 wfs) (0 lot 0 wfs) | S89: 0.9984
B90: 3/24 (0 lot 0 wfs) (0 lot 0 wfs) | S90: 0.9984
A91: W14 | B91: 3/25 (0 lot 0 wfs) (0 lot 0 wfs) | S91: 0.9984
B92: 3/26 (0 lot 0 wfs) (0 lot 0 wfs) | S92: 0.9984
B93: 3/27 (0 lot 0 wfs) (0 lot 0 wfs) | S93: 0.9984
B94: 3/30 (0 lot 0 wfs) (0 lot 0 wfs) | S94: 0.9984
B95: 3/31 (0 lot 0 wfs) (0 lot 0 wfs) | S95: 0.9984
A96: W15 | B96: 4/1 (0 lot 0 wfs) (0 lot 0 wfs) | S96: 0.9984
B97: 4/2 (0 lot 0 wfs) (0 lot 0 wfs) | S97: 0.9984
B98: 4/6 (0 lot 0 wfs) (0 lot 0 wfs) | S98: 0.9984
B99: 4/7 (0 lot 0 wfs) (0 lot 0 wfs) | S99: 0.9984
A100: W16 | B100: 4/8 (0 lot 0 wfs) (0 lot 0 wfs) | S100: 0.9984
...

Sheet Server-Recon Weekly 
B1: Short Bump Due to Foreign/Photo Material | C1: Bump Bridge | D1: Bump Shift | E1: Irregular Solder (Shape & Size) | F1: Damage Solder Bump | G1: Expose Cap Metal | H1: RCM | I1: Particle | J1: RPM | K1: Cu-S Abnormal | L1: Cu-S Oxidation | M1: Small via | N1: Foreign Material | O1: Die Surface Scratch/Damage | P1: Polymer Damage | Q1: Oxidation | R1: Polymer Broken | S1: Die Crack | T1: Miss Custud | U1: Deformed Custud | V1: Mold Residual on Custud | W1: Custud Discoloration | X1: Custud Shorting Metal Traces | Y1: EMC Metal Residual | Z1: Recon+PI1 Yield | AA1: Yield Goal (99.5%)
A2: 12/18 (30+73wfs) | H2: 0.0015873016 | I2: 0.0204 | J2: 0.0019569472 | L2: 0.011089367 | Q2: 0.0015873016 | T2: 0.0013046314 | Z2: 0.9604 | AA2: 0.98
A3: 12/19 (0+0wfs) | AA3: 0.98
A4: 12/22 (15+12 wfs) | H4: 0.0032 | J4: 0.0032 | Z4: 0.9937 | AA4: 0.98
A5: 12/23 (2+5 wfs) | I5: 0.081 | Z5: 0.919 | AA5: 0.98
A6: 12/24 (25+0 wfs) | I6: 0.0229 | Z6: 0.9771 | AA6: 0.98
A7: 12/26 (0+0 wfs) | AA7: 0.98
A8: 12/29 (7+0 wfs) | Z8: 1 | AA8: 0.98
A9: 12/30 (1+1 wfs) | Z9: 1 | AA9: 0.98
A10: 12/31 (0+0 wfs) | AA10: 0.98
A11: 1/2 (0+12 wfs) | I11: 0.004 | Z11: 0.996 | AA11: 0.98
A12: 1/5 (6+2 wfs) | H12: 0.0079 | I12: 0.0714 | Z12: 0.9206 | AA12: 0.99
A13: 1/6 (12+2 wfs) | F13: 0.004 | Z13: 0.996 | AA13: 0.99
A14: 1/7 (0+1 wfs) | Z14: 1 | AA14: 0.99
A15: 1/8 (1+0 wfs) | U15: 0.0476 | Z15: 0.9524 | AA15: 0.99
A16: 1/9 (0+0 wfs) | AA16: 0.99
A17: 1/12 (13+16 wfs) | H17: 0.0037 | I17: 0.0215 | U17: 0.0073 | Z17: 0.9675 | AA17: 0.99
A18: 1/13 (0+0 wfs) | I18: 0.181 | Z18: 0.819 | AA18: 0.99
A19: 1/14 (0+0 wfs) | AA19: 0.99
A20: 1/15 (0+0 wfs) | AA20: 0.99
A21: 1/16 (0+0 wfs) | AA21: 0.99
A22: 1/19 (0+0 wfs) | AA22: 0.99
A23: 1/20 (0+0 wfs) | AA23: 0.99
A24: W04 (1 lots 13 wfs) | L24: 0.0073 | U24: 0.0073 | Z24: 0.9853 | AA24: 0.99
A25: W05 (4 lots 48 wfs) | U25: 0.0139 | Z25: 0.9861 | AA25: 0.99
A26: W06 (3 lots 21 wfs) (0 lot 0 wfs) | U26: 0.0045 | Z26: 0.9955 | AA26: 0.99
A27: W07 (0 lot 0 wfs) (0 lot 0 wfs) | AA27: 0.99
A28: W08 (0 lot 0 wfs) (0 lot 0 wfs) | AA28: 0.99
A29: W09 (0 lot 0 wfs) (0 lot 0 wfs) | AA29: 0.99
A30: W10 (0 lot 0 wfs) (0 lot 0 wfs) | AA30: 0.99
A31: W11 (0 lot 0 wfs) (0 lot 0 wfs) | AA31: 0.99
A32: W12 (1 lot 9 wfs) (1 lot 9 wfs) | K32: 0.0238 | U32: 0.0053 | Z32: 0.9709 | AA32: 0.99
A33: W13 (0 lot 0 wfs) (0 lot 0 wfs) | AA33: 0.99
A34: W14 (0 lot 0 wfs) (0 lot 0 wfs) | AA34: 0.99
A35: W15 (0 lot 0 wfs) (0 lot 0 wfs) | AA35: 0.99
A36: W16 (0 lot 0 wfs) (0 lot 0 wfs) | AA36: 0.99
A37: W17 (13 lots 99 wfs) (11 lots 86 wfs) | B37: 0.0008 | D37: 0.0008 | I37: 0.001 | K37: 0.0036 | M37: 0.0003 | O37: 0.0005 | T37: 0.0008 | U37: 0.0028 | Z37: 0.9902 | AA37: 0.99
A38: W18 (15 lots 73 wfs) (3 lots 24 wfs) | I38: 0.0015 | U38: 0.0034 | W38: 0.0005 | Z38: 0.9946 | AA38: 0.99
A39: W19 (0 lot 0 wfs) (12 lots 40 wfs) | B39: 0.0012 | D39: 0.0012 | I39: 0.0012 | K39: 0.0012 | R39: 0.0024 | Z39: 0.994 | AA39: 0.99
A40: W20 (1 lot 13 wfs) (0 lot 0 wfs) | E40: 0.0037 | Z40: 0.9963 | AA40: 0.99
A41: W21 (0 lot 0 wfs) (1 lot 13 wfs) | B41: 0.011 | D41: 0.011 | I41: 0.0037 | Z41: 0.9853 | AA41: 0.99
A42: W22 (0 lot 0 wfs) (0 lot 0 wfs) | AA42: 0.9925
A43: W23 (0 lot 0 wfs) (0 lot 0 wfs) | AA43: 0.991
A44: W24 (0 lot 0 wfs) (0 lot 0 wfs) | AA44: 0.991
A45: W25 (0 lot 0 wfs) (0 lot 0 wfs) | AA45: 0.991
A46: W26 (6 lots 68 wfs) (0 lot 0 wfs) | U46: 0.0014 | Z46: 0.9986 | AA46: 0.991
A47: W27 (6 lots 76 wfs) (3 lots 31 wfs) | K47: 0.0031 | M47: 0.0004 | T47: 0.0004 | U47: 0.0004 | Z47: 0.9955 | AA47: 0.991
A48: W28 (16 lots 124 wfs) (5 lots 61 wfs) | K48: 0.0039 | U48: 0.0013 | V48: 0.0003 | Z48: 0.9946 | AA48: 0.991
A49: W29 (7 lots 48 wfs) (21 lots 141 wfs) | D49: 0.001 | I49: 0.0003 | K49: 0.0023 | P49: 0.0003 | T49: 0.0003 | U49: 0.0003 | V49: 0.0003 | Y49: 0.0003 | Z49: 0.9952 | AA49: 0.991
A50: W30 (2 lots 3 wfs) (7 lots 58 wfs) | D50: 0.0008 | K50: 0.0008 | P50: 0.0016 | U50: 0.0008 | Z50: 0.9961 | AA50: 0.995
A51: W31 (11 lots 59 wfs) (3 lots 24 wfs) | D51: 0.0004 | V51: 0.0004 | Z51: 0.9991 | AA51: 0.995
A52: W32 (24 lots 72 wfs) (22 lots 64 wfs) | B52: 0.0003 | D52: 0.0011 | G52: 0.0005 | P52: 0.0005 | T52: 0.0005 | W52: 0.0003 | X52: 0.0005 | Z52: 0.9963 | AA52: 0.995
A53: W33 (6 lots 26 wfs) (17 lots 78 wfs) | D53: 0.0011 | G53: 0.0007 | I53: 0.0004 | J53: 0.0004 | U53: 0.0004 | X53: 0.0007 | Z53: 0.9963 | AA53: 0.995
A54: W34 (0 lot 0 wfs) (1 lot 2 wfs) | Z54: 1 | AA54: 0.995
A55: W35 (2 lots 5 wfs) (1 lot 1 wfs) | Z55: 1 | AA55: 0.995
A56: W36 (144 lots 823 wfs) | B56: 0.0002 | C56: 0.0001 | D56: 0.0005 | F56: 0.0002 | G56: 0.0003 | H56: 0.0001 | I56: 0.0006 | J56: 0.0003 | K56: 0.0001 | N56: 0.0003 | P56: 0.0004 | Q56: 0.0001 | R56: 0.0003 | S56: 0.0002 | T56: 0.0002 | U56: 0.0002 | V56: 0.0001 | W56: 0.0001 | X56: 0.0002 | Z56: 0.9956 | AA56: 0.995
A57: W37 (33 lots 180 wfs) | B57: 0.0005 | D57: 0.0007 | F57: 0.0002 | G57: 0.0002 | I57: 0.001 | J57: 0.0027 | N57: 0.0005 | P57: 0.0022 | R57: 0.001 | S57: 0.0005 | W57: 0.0005 | Z57: 0.9901 | AA57: 0.995

Sheet Dist-Recon Weekly 
C1: Particle | D1: Bump Shift | E1: Irregular Solder (Shape & Size) | F1: Cu-S 開孔異常 | G1: Small via | H1: Die Surface Scratch/Damage | I1: Plolymer Broken | J1: Miss Custud | K1: Deformed Custud | L1: Mold Residual on Custud | M1: Custud Discoloration | N1: Recon+PI1 Yield | O1: Yield Goal (99.85%)
B2: 12/18 (30+73wfs) | M2: 0.011089367 | N2: 0.9604 | O2: 0.98
B3: 12/19 (0+0wfs) | O3: 0.98
B4: 12/22 (15+12 wfs) | N4: 0.9937 | O4: 0.98
B5: 12/23 (2+5 wfs) | N5: 0.919 | O5: 0.98
B6: 12/24 (25+0 wfs) | N6: 0.9771 | O6: 0.98
B7: 12/26 (0+0 wfs) | O7: 0.98
B8: 12/29 (7+0 wfs) | N8: 1 | O8: 0.98
B9: 12/30 (1+1 wfs) | N9: 1 | O9: 0.98
B10: 12/31 (0+0 wfs) | O10: 0.98
B11: 1/2 (0+12 wfs) | N11: 0.996 | O11: 0.98
B12: 1/5 (6+2 wfs) | N12: 0.9206 | O12: 0.99
B13: 1/6 (12+2 wfs) | N13: 0.996 | O13: 0.99
B14: 1/7 (0+1 wfs) | N14: 1 | O14: 0.99
B15: 1/8 (1+0 wfs) | K15: 0.0476 | N15: 0.9524 | O15: 0.99
B16: 1/9 (0+0 wfs) | O16: 0.99
B17: 1/12 (13+16 wfs) | K17: 0.0073 | N17: 0.9675 | O17: 0.99
B18: 1/13 (0+0 wfs) | N18: 0.819 | O18: 0.99
B19: 1/14 (0+0 wfs) | O19: 0.99
B20: 1/15 (0+0 wfs) | O20: 0.99
B21: 1/16 (0+0 wfs) | O21: 0.99
B22: 1/19 (0+0 wfs) | O22: 0.99
B23: 1/20 (0+0 wfs) | O23: 0.99
B24: 1/21 (1 lots 13 wfs) | K24: 0.0073 | M24: 0.0073 | N24: 0.9853 | O24: 0.99
A25: W05 | B25: 1/22 (3 lots 35 wfs) | K25: 0.019 | N25: 0.981 | O25: 0.99
B26: 1/23 (0 lot 0 wfs) | O26: 0.99
B27: 1/26 (1 lot 13 wfs) | N27: 1 | O27: 0.99
B28: 1/27 (0 lot 0 wfs) | O28: 0.99
A29: W06 | B29: 1/28 (1 lot 13 wfs) | K29: 0.0037 | N29: 0.9963 | O29: 0.99
B30: 1/29 (1 lot 6 wfs) | N30: 1 | O30: 0.99
B31: 1/30 (0 lot 0 wfs) | O31: 0.99
B32: 2/2 (0 lot 0 wfs) | O32: 0.99
B33: 2/3 (1 lot 2 wfs) | K33: 0.0238 | N33: 0.9762 | O33: 0.99
A34: W07 | B34: 2/4 (0 lot 0 wfs) | O34: 0.99
B35: 2/5 (0 lot 0 wfs) | O35: 0.99
B36: 2/6 (0 lot 0 wfs) | O36: 0.99
B37: 2/9 (0 lot 0 wfs) | O37: 0.99
B38: 2/10 (0 lot 0 wfs) | O38: 0.99
A39: W08 | B39: 2/11 (0 lot 0 wfs) | O39: 0.99
B40: 2/12 (0 lot 0 wfs) | O40: 0.99
B41: 2/13 (0 lot 0 wfs) | O41: 0.99
B42: 2/20 (0 lot 0 wfs) | O42: 0.99
A43: W09 | B43: 2/23 (0 lot 0 wfs) | O43: 0.99
B44: 2/24 (0 lot 0 wfs) | O44: 0.99
A45: W10 | B45: 2/25 (0 lot 0 wfs) | O45: 0.99
B46: 2/26 (0 lot 0 wfs) | O46: 0.99
B47: 3/2 (0 lot 0 wfs) | O47: 0.99
B48: 3/3 (0 lot 0 wfs) | O48: 0.99
A49: W11 | B49: 3/4 (0 lot 0 wfs) (0 lot 0 wfs) | O49: 0.99
B50: 3/5 (0 lot 0 wfs) (0 lot 0 wfs) | O50: 0.99
B51: 3/6 (0 lot 0 wfs) (0 lot 0 wfs) | O51: 0.99
B52: 3/9 (0 lot 0 wfs) (0 lot 0 wfs) | O52: 0.99
B53: 3/10 (0 lot 0 wfs) (0 lot 0 wfs) | O53: 0.99
A54: W12 | B54: 3/11 (1 lot 9 wfs) (0 lot 0 wfs) | K54: 0.0053 | N54: 0.9947 | O54: 0.99
B55: 3/12 (0 lot 0 wfs) (0 lot 0 wfs) | O55: 0.99
B56: 3/13 (0 lot 0 wfs) (0 lot 0 wfs) | O56: 0.99
B57: 3/16 (0 lot 0 wfs) (0 lot 0 wfs) | O57: 0.99
B58: 3/17 (0 lot 0 wfs) (1 lot 9 wfs) | F58: 0.0476 | K58: 0.0053 | N58: 0.9471 | O58: 0.99
A59: W13 | B59: 3/18 (0 lot 0 wfs) (0 lot 0 wfs) | O59: 0.99
B60: 3/19 (0 lot 0 wfs) (0 lot 0 wfs) | O60: 0.99
B61: 3/20 (0 lot 0 wfs) (0 lot 0 wfs) | O61: 0.99
B62: W12 (1 lot 9 wfs) (1 lot 9 wfs) | K62: 0.0053 | M62: 0.0238 | N62: 0.9709 | O62: 0.99
B63: W13 (0 lot 0 wfs) (0 lot 0 wfs) | O63: 0.99
B64: W14 (0 lot 0 wfs) (0 lot 0 wfs) | O64: 0.99
B65: W15 (0 lot 0 wfs) (0 lot 0 wfs) | O65: 0.99
B66: W16 (0 lot 0 wfs) (0 lot 0 wfs) | O66: 0.99
B67: W17 (13 lot 99 wfs) (11 lot 86 wfs) | C67: 0.001 | D67: 0.0008 | F67: 0.0036 | G67: 0.0003 | H67: 0.0005 | J67: 0.0008 | K67: 0.0028 | N67: 0.9902 | O67: 0.99
B68: W18 (15 lots 73 wfs) (3 lots 24 wfs) | C68: 0.0015 | K68: 0.0034 | M68: 0.0005 | N68: 0.9946 | O68: 0.99
B69: W19 (0 lot 0 wfs) (12 lots 40 wfs) | C69: 0.0012 | D69: 0.0012 | F69: 0.0012 | I69: 0.0024 | N69: 0.994 | O69: 0.99
B70: W20 (1 lot 13 wfs) (0 lot 0 wfs) | E70: 0.0037 | N70: 0.9963 | O70: 0.99
B71: W21 (0 lot 0 wfs) (1 lot 13 wfs) | C71: 0.0037 | D71: 0.011 | N71: 0.9853 | O71: 0.99
B72: W22 (0 lot 0 wfs) (0 lot 0 wfs) | O72: 0.99
B73: W23 (0 lot 0 wfs) (0 lot 0 wfs) | O73: 0.99
B74: W24 (0 lot 0 wfs) (0 lot 0 wfs) | O74: 0.99
B75: W25 (0 lot 0 wfs) (0 lot 0 wfs) | O75: 0.9975
B76: W22 (0 lot 0 wfs) (0 lot 0 wfs) | O76: 0.9978
B77: W23 (0 lot 0 wfs) (0 lot 0 wfs) | O77: 0.9978
B78: W24 (0 lot 0 wfs) (0 lot 0 wfs) | O78: 0.9978
B79: W17 (13 lot 99 wfs) (11 lot 86 wfs) | C79: 0.001 | D79: 0.0008 | O79: 0.9978
B80: 3/23 (0 lot 0 wfs) (0 lot 0 wfs) | O80: 0.9978
B81: 3/24 (0 lot 0 wfs) (0 lot 0 wfs) | O81: 0.9978
A82: W14 | B82: 3/25 (0 lot 0 wfs) (0 lot 0 wfs) | O82: 0.9978
B83: 3/26 (0 lot 0 wfs) (0 lot 0 wfs) | O83: 0.9978
B84: 3/27 (0 lot 0 wfs) (0 lot 0 wfs) | O84: 0.9978
B85: 3/30 (0 lot 0 wfs) (0 lot 0 wfs) | O85: 0.9978
B86: 3/31 (0 lot 0 wfs) (0 lot 0 wfs) | O86: 0.9978
A87: W15 | B87: 4/1 (0 lot 0 wfs) (0 lot 0 wfs) | O87: 0.9978
B88: 4/2 (0 lot 0 wfs) (0 lot 0 wfs) | O88: 0.9978
B89: 4/6 (0 lot 0 wfs) (0 lot 0 wfs) | O89: 0.9978
B90: 4/7 (0 lot 0 wfs) (0 lot 0 wfs) | O90: 0.9978
A91: W16 | B91: 4/8 (0 lot 0 wfs) (0 lot 0 wfs) | O91: 0.9978
B92: 4/9 (0 lot 0 wfs) (0 lot 0 wfs) | O92: 0.9978
B93: 4/10 (0 lot 0 wfs) (0 lot 0 wfs) | O93: 0.9978
B94: 4/13 (0 lot 0 wfs) (0 lot 0 wfs) | O94: 0.9978
B95: 4/14 (0 lot 0 wfs) (0 lot 0 wfs) | O95: 0.9978
A96: W17 | B96: 4/15 (1 lot 13 wfs) (0 lot 0 wfs) | O96: 0.9978
B97: 4/16 (4 lots 23 wfs) (0 lot 0 wfs) | O97: 0.9978
B98: 4/17 (2 lots 24 wfs) (0 lot 0 wfs) | O98: 0.9978
B99: 4/20 (5 lots 37 wfs) (11 lot 86 wfs) | C99: 0.0015 | D99: 0.0012 | O99: 0.9978
B100: 4/21 (1 lot 2 wfs) (0 lot 0 wfs) | O100: 0.9978
...

Sheet Single yield analysis by pcs 
A1: Week | B1: Date | C1: Lot | D1: Layer | E1: Team | F1: Qty | G1: Die | H1: Wafer ID | I1: yield | J1: All Defect | K1: Particle lost | L1: Particle | M1: PI Coat | N1: PI Cure | O1: PR Coat | P1: PR Exp | Q1: Sput | R1: Etch | S1: Final | T1: Recon | U1: FOUP | V1: Missing Bump | W1: Bump Bridge | X1: Bump Shift | Y1: Damage Solder Bump | Z1: RCM | AA1: Cu-S 開孔異常 | AB1: Small Via | AC1: RPM | AD1: Die Surface Scratch/Damage | AE1: Polymer Damage | AF1: Oxidation | AG1: Polymer Broken | AI1: Miss Custud | AJ1: Deformed Custud | AK1: Mold Residual on Custud | AL1: Others | AM1: 備註
B2: 46009 | C2: 04BW4SB004 | D2: RDL1 | E2: API | F2: 1 | G2: 21 | H2: #2 04BW4SB004-02C3 | I2: =1-J2/G2 -> 0.95238095 | J2: =SUM(M2:AL2) -> 1 | K2: =L2/G2 -> 0 | L2: =SUM(M2:U2) -> 0 | M2: 0 | N2: 0 | O2: 0 | P2: 0 | Q2: 0 | R2: 0 | S2: 0 | T2: 0 | U2: 0 | V2: 0 | W2: 0 | X2: 0 | Y2: 0 | Z2: 0 | AA2: 0 | AB2: 0 | AC2: 0 | AD2: 0 | AE2: 0 | AF2: 0 | AG2: 0 | AH2: 0 | AI2: 1 | AJ2: 0 | AK2: 0 | AL2: 0
B3: 46009 | C3: 04BW4SB004 | D3: RDL1 | E3: API | F3: 1 | G3: 21 | H3: #4 04BW4SB004-04B1 | I3: =1-J3/G3 -> 0.95238095 | J3: =SUM(M3:AL3) -> 1 | K3: =L3/G3 -> 0 | L3: =SUM(M3:U3) -> 0 | M3: 0 | N3: 0 | O3: 0 | P3: 0 | Q3: 0 | R3: 0 | S3: 0 | T3: 0 | U3: 0 | V3: 0 | W3: 0 | X3: 0 | Y3: 0 | Z3: 0 | AA3: 0 | AB3: 0 | AC3: 0 | AD3: 0 | AE3: 0 | AF3: 0 | AG3: 0 | AH3: 0 | AI3: 1 | AJ3: 0 | AK3: 0 | AL3: 0
B4: 46009 | C4: 46BW9S | D4: RDL1 | E4: API | F4: 13 | G4: 273 | I4: =1-J4/G4 -> 0.98168498 | J4: =SUM(M4:AL4) -> 5 | K4: =L4/G4 -> 0 | L4: =SUM(M4:U4) -> 0 | M4: 0 | N4: 0 | O4: 0 | P4: 0 | Q4: 0 | R4: 0 | S4: 0 | T4: 0 | U4: 0 | V4: 0 | W4: 0 | X4: 2 | Y4: 0 | Z4: 0 | AA4: 3 | AB4: 0 | AC4: 0 | AD4: 0 | AE4: 0 | AF4: 0 | AG4: 0 | AH4: 0 | AI4: 0 | AJ4: 0 | AK4: 0 | AL4: 0
B5: 46009 | C5: 46BW9S | D5: RDL1 | E5: AEI | F5: 1 | G5: 21 | H5: #1 GB521103PBF6 | I5: =1-J5/G5 -> 0.9047619 | J5: =SUM(M5:AL5) -> 2 | K5: =L5/G5 -> 0.095238095 | L5: =SUM(M5:U5) -> 2 | M5: 1 | N5: 0 | O5: 0 | P5: 0 | Q5: 1 | R5: 0 | S5: 0 | T5: 0 | U5: 0 | V5: 0 | W5: 0 | X5: 0 | Y5: 0 | Z5: 0 | AA5: 0 | AB5: 0 | AC5: 0 | AD5: 0 | AE5: 0 | AF5: 0 | AG5: 0 | AH5: 0 | AI5: 0 | AJ5: 0 | AK5: 0 | AL5: 0
B6: 46009 | C6: 46BW9S | D6: RDL1 | E6: AEI | F6: 1 | G6: 21 | H6: #4 GB521106PBD6 | I6: =1-J6/G6 -> 0.85714286 | J6: =SUM(M6:AL6) -> 3 | K6: =L6/G6 -> 0.14285714 | L6: =SUM(M6:U6) -> 3 | M6: 0 | N6: 0 | O6: 0 | P6: 0 | Q6: 2 | R6: 0 | S6: 0 | T6: 1 | U6: 0 | V6: 0 | W6: 0 | X6: 0 | Y6: 0 | Z6: 0 | AA6: 0 | AB6: 0 | AC6: 0 | AD6: 0 | AE6: 0 | AF6: 0 | AG6: 0 | AH6: 0 | AI6: 0 | AJ6: 0 | AK6: 0 | AL6: 0
B7: 46009 | C7: 46BW9S | D7: RDL1 | E7: AEI | F7: 1 | G7: 21 | H7: #6 GB521104PBC5 | I7: =1-J7/G7 -> 0.95238095 | J7: =SUM(M7:AL7) -> 1 | K7: =L7/G7 -> 0 | L7: =SUM(M7:U7) -> 0 | M7: 0 | N7: 0 | O7: 0 | P7: 0 | Q7: 0 | R7: 0 | S7: 0 | T7: 0 | U7: 0 | V7: 0 | W7: 0 | X7: 0 | Y7: 0 | Z7: 1 | AA7: 0 | AB7: 0 | AC7: 0 | AD7: 0 | AE7: 0 | AF7: 0 | AG7: 0 | AH7: 0 | AI7: 0 | AJ7: 0 | AK7: 0 | AL7: 0
B8: 46009 | C8: 46BW9S | D8: RDL2 | E8: API | F8: 1 | G8: 21 | H8: #1 GB521103PBF6 | I8: =1-J8/G8 -> 0.95238095 | J8: =SUM(M8:AL8) -> 1 | K8: =L8/G8 -> 0.047619048 | L8: =SUM(M8:U8) -> 1 | M8: 1 | N8: 0 | O8: 0 | P8: 0 | Q8: 0 | R8: 0 | S8: 0 | T8: 0 | U8: 0 | V8: 0 | W8: 0 | X8: 0 | Y8: 0 | Z8: 0 | AA8: 0 | AB8: 0 | AC8: 0 | AD8: 0 | AE8: 0 | AF8: 0 | AG8: 0 | AH8: 0 | AI8: 0 | AJ8: 0 | AK8: 0 | AL8: 0
B9: 46009 | C9: 46BW9SB002 | D9: RDL1 | E9: AEI | F9: 1 | G9: 21 | H9: #9 GB520887PBA5 | I9: =1-J9/G9 -> 0.95238095 | J9: =SUM(M9:AL9) -> 1 | K9: =L9/G9 -> 0.047619048 | L9: =SUM(M9:U9) -> 1 | M9: 0 | N9: 0 | O9: 0 | P9: 0 | Q9: 1 | R9: 0 | S9: 0 | T9: 0 | U9: 0 | V9: 0 | W9: 0 | X9: 0 | Y9: 0 | Z9: 0 | AA9: 0 | AB9: 0 | AC9: 0 | AD9: 0 | AE9: 0 | AF9: 0 | AG9: 0 | AH9: 0 | AI9: 0 | AJ9: 0 | AK9: 0 | AL9: 0
B10: 46009 | C10: 46BW9SB002 | D10: RDL2 | E10: API | F10: 1 | G10: 21 | I10: =1-J10/G10 -> 1 | J10: =SUM(M10:AL10) -> 0 | K10: =L10/G10 -> 0 | L10: =SUM(M10:U10) -> 0 | M10: 0 | N10: 0 | O10: 0 | P10: 0 | Q10: 0 | R10: 0 | S10: 0 | T10: 0 | U10: 0 | V10: 0 | W10: 0 | X10: 0 | Y10: 0 | Z10: 0 | AA10: 0 | AB10: 0 | AC10: 0 | AD10: 0 | AE10: 0 | AF10: 0 | AG10: 0 | AH10: 0 | AI10: 0 | AJ10: 0 | AK10: 0 | AL10: 0
B11: 46009 | C11: 46BW9T | D11: RDL1 | E11: API | F11: 13 | G11: 273 | I11: =1-J11/G11 -> 0.98534799 | J11: =SUM(M11:AL11) -> 4 | K11: =L11/G11 -> 0 | L11: =SUM(M11:U11) -> 0 | M11: 0 | N11: 0 | O11: 0 | P11: 0 | Q11: 0 | R11: 0 | S11: 0 | T11: 0 | U11: 0 | V11: 0 | W11: 0 | X11: 4 | Y11: 0 | Z11: 0 | AA11: 0 | AB11: 0 | AC11: 0 | AD11: 0 | AE11: 0 | AF11: 0 | AG11: 0 | AH11: 0 | AI11: 0 | AJ11: 0 | AK11: 0 | AL11: 0
B12: 46009 | C12: 46BW9T | D12: RDL1 | E12: AEI | F12: 13 | G12: 273 | I12: =1-J12/G12 -> 0.996337 | J12: =SUM(M12:AL12) -> 1 | K12: =L12/G12 -> 0 | L12: =SUM(M12:U12) -> 0 | M12: 0 | N12: 0 | O12: 0 | P12: 0 | Q12: 0 | R12: 0 | S12: 0 | T12: 0 | U12: 0 | V12: 0 | W12: 0 | X12: 0 | Y12: 0 | Z12: 0 | AA12: 0 | AB12: 0 | AC12: 0 | AD12: 0 | AE12: 0 | AF12: 1 | AG12: 0 | AH12: 0 | AI12: 0 | AJ12: 0 | AK12: 0 | AL12: 0
B13: 46009 | C13: 46BW9T | D13: RDL2 | E13: API | F13: 1 | G13: 21 | H13: #10 GB520986PBC7 | I13: =1-J13/G13 -> 0.95238095 | J13: =SUM(M13:AL13) -> 1 | K13: =L13/G13 -> 0.047619048 | L13: =SUM(M13:U13) -> 1 | M13: 1 | N13: 0 | O13: 0 | P13: 0 | Q13: 0 | R13: 0 | S13: 0 | T13: 0 | U13: 0 | V13: 0 | W13: 0 | X13: 0 | Y13: 0 | Z13: 0 | AA13: 0 | AB13: 0 | AC13: 0 | AD13: 0 | AE13: 0 | AF13: 0 | AG13: 0 | AH13: 0 | AI13: 0 | AJ13: 0 | AK13: 0 | AL13: 0
B14: 46009 | C14: 46BW9U | D14: RDL1 | E14: API | F14: 1 | G14: 21 | H14: #1 GB521028PBA0 | I14: =1-J14/G14 -> 0.95238095 | J14: =SUM(M14:AL14) -> 1 | K14: =L14/G14 -> 0 | L14: =SUM(M14:U14) -> 0 | M14: 0 | N14: 0 | O14: 0 | P14: 0 | Q14: 0 | R14: 0 | S14: 0 | T14: 0 | U14: 0 | V14: 0 | W14: 0 | X14: 1 | Y14: 0 | Z14: 0 | AA14: 0 | AB14: 0 | AC14: 0 | AD14: 0 | AE14: 0 | AF14: 0 | AG14: 0 | AH14: 0 | AI14: 0 | AJ14: 0 | AK14: 0 | AL14: 0
B15: 46009 | C15: 46BW9U | D15: RDL1 | E15: API | F15: 1 | G15: 21 | H15: #2 GB521029PBL2 | I15: =1-J15/G15 -> 0.9047619 | J15: =SUM(M15:AL15) -> 2 | K15: =L15/G15 -> 0 | L15: =SUM(M15:U15) -> 0 | M15: 0 | N15: 0 | O15: 0 | P15: 0 | Q15: 0 | R15: 0 | S15: 0 | T15: 0 | U15: 0 | V15: 0 | W15: 0 | X15: 2 | Y15: 0 | Z15: 0 | AA15: 0 | AB15: 0 | AC15: 0 | AD15: 0 | AE15: 0 | AF15: 0 | AG15: 0 | AH15: 0 | AI15: 0 | AJ15: 0 | AK15: 0 | AL15: 0
B16: 46009 | C16: 46BW9U | D16: RDL1 | E16: API | F16: 1 | G16: 21 | H16: #7 GB521035PBG4 | I16: =1-J16/G16 -> 0.95238095 | J16: =SUM(M16:AL16) -> 1 | K16: =L16/G16 -> 0 | L16: =SUM(M16:U16) -> 0 | M16: 0 | N16: 0 | O16: 0 | P16: 0 | Q16: 0 | R16: 0 | S16: 0 | T16: 0 | U16: 0 | V16: 0 | W16: 0 | X16: 1 | Y16: 0 | Z16: 0 | AA16: 0 | AB16: 0 | AC16: 0 | AD16: 0 | AE16: 0 | AF16: 0 | AG16: 0 | AH16: 0 | AI16: 0 | AJ16: 0 | AK16: 0 | AL16: 0
B17: 46009 | C17: 46BW9U | D17: RDL1 | E17: API | F17: 1 | G17: 21 | H17: #8 GB521036PBD3 | I17: =1-J17/G17 -> 0.95238095 | J17: =SUM(M17:AL17) -> 1 | K17: =L17/G17 -> 0.047619048 | L17: =SUM(M17:U17) -> 1 | M17: 1 | N17: 0 | O17: 0 | P17: 0 | Q17: 0 | R17: 0 | S17: 0 | T17: 0 | U17: 0 | V17: 0 | W17: 0 | X17: 0 | Y17: 0 | Z17: 0 | AA17: 0 | AB17: 0 | AC17: 0 | AD17: 0 | AE17: 0 | AF17: 0 | AG17: 0 | AH17: 0 | AI17: 0 | AJ17: 0 | AK17: 0 | AL17: 0
B18: 46009 | C18: 46BW9U | D18: RDL1 | E18: API | F18: 1 | G18: 21 | H18: #11 GB521056PBF0 | I18: =1-J18/G18 -> 0.71428571 | J18: =SUM(M18:AL18) -> 6 | K18: =L18/G18 -> 0 | L18: =SUM(M18:U18) -> 0 | M18: 0 | N18: 0 | O18: 0 | P18: 0 | Q18: 0 | R18: 0 | S18: 0 | T18: 0 | U18: 0 | V18: 0 | W18: 0 | X18: 6 | Y18: 0 | Z18: 0 | AA18: 0 | AB18: 0 | AC18: 0 | AD18: 0 | AE18: 0 | AF18: 0 | AG18: 0 | AH18: 0 | AI18: 0 | AJ18: 0 | AK18: 0 | AL18: 0
B19: 46009 | C19: 46BW9U | D19: RDL1 | E19: API | F19: 1 | G19: 21 | H19: #12 GB521057PBB7 | I19: =1-J19/G19 -> 0.95238095 | J19: =SUM(M19:AL19) -> 1 | K19: =L19/G19 -> 0 | L19: =SUM(M19:U19) -> 0 | M19: 0 | N19: 0 | O19: 0 | P19: 0 | Q19: 0 | R19: 0 | S19: 0 | T19: 0 | U19: 0 | V19: 0 | W19: 0 | X19: 1 | Y19: 0 | Z19: 0 | AA19: 0 | AB19: 0 | AC19: 0 | AD19: 0 | AE19: 0 | AF19: 0 | AG19: 0 | AH19: 0 | AI19: 0 | AJ19: 0 | AK19: 0 | AL19: 0
B20: 46009 | C20: 46BW9U | D20: RDL1 | E20: AEI | F20: 1 | G20: 21 | H20: #5 GB521033PBF3 | I20: =1-J20/G20 -> 0.95238095 | J20: =SUM(M20:AL20) -> 1 | K20: =L20/G20 -> 0.047619048 | L20: =SUM(M20:U20) -> 1 | M20: 0 | N20: 0 | O20: 1 | P20: 0 | Q20: 0 | R20: 0 | S20: 0 | T20: 0 | U20: 0 | V20: 0 | W20: 0 | X20: 0 | Y20: 0 | Z20: 0 | AA20: 0 | AB20: 0 | AC20: 0 | AD20: 0 | AE20: 0 | AF20: 0 | AG20: 0 | AH20: 0 | AI20: 0 | AJ20: 0 | AK20: 0 | AL20: 0
B21: 46009 | C21: 46BW9U | D21: RDL1 | E21: AEI | F21: 1 | G21: 21 | H21: #7 GB521035PBG4 | I21: =1-J21/G21 -> 0.95238095 | J21: =SUM(M21:AL21) -> 1 | K21: =L21/G21 -> 0.047619048 | L21: =SUM(M21:U21) -> 1 | M21: 0 | N21: 0 | O21: 0 | P21: 0 | Q21: 1 | R21: 0 | S21: 0 | T21: 0 | U21: 0 | V21: 0 | W21: 0 | X21: 0 | Y21: 0 | Z21: 0 | AA21: 0 | AB21: 0 | AC21: 0 | AD21: 0 | AE21: 0 | AF21: 0 | AG21: 0 | AH21: 0 | AI21: 0 | AJ21: 0 | AK21: 0 | AL21: 0
B22: 46009 | C22: 46BW9U | D22: RDL1 | E22: AEI | F22: 1 | G22: 21 | H22: #10 GB521055PBA6 | I22: =1-J22/G22 -> 0.95238095 | J22: =SUM(M22:AL22) -> 1 | K22: =L22/G22 -> 0.047619048 | L22: =SUM(M22:U22) -> 1 | M22: 0 | N22: 0 | O22: 0 | P22: 0 | Q22: 1 | R22: 0 | S22: 0 | T22: 0 | U22: 0 | V22: 0 | W22: 0 | X22: 0 | Y22: 0 | Z22: 0 | AA22: 0 | AB22: 0 | AC22: 0 | AD22: 0 | AE22: 0 | AF22: 0 | AG22: 0 | AH22: 0 | AI22: 0 | AJ22: 0 | AK22: 0 | AL22: 0
B23: 46009 | C23: 46BW9U | D23: RDL1 | E23: AEI | F23: 1 | G23: 21 | H23: #11 GB521056PBF0 | I23: =1-J23/G23 -> 0.95238095 | J23: =SUM(M23:AL23) -> 1 | K23: =L23/G23 -> 0.047619048 | L23: =SUM(M23:U23) -> 1 | M23: 1 | N23: 0 | O23: 0 | P23: 0 | Q23: 0 | R23: 0 | S23: 0 | T23: 0 | U23: 0 | V23: 0 | W23: 0 | X23: 0 | Y23: 0 | Z23: 0 | AA23: 0 | AB23: 0 | AC23: 0 | AD23: 0 | AE23: 0 | AF23: 0 | AG23: 0 | AH23: 0 | AI23: 0 | AJ23: 0 | AK23: 0 | AL23: 0
B24: 46009 | C24: 46BW9U | D24: RDL1 | E24: AEI | F24: 1 | G24: 21 | H24: #12 GB521057PBB7 | I24: =1-J24/G24 -> 0.95238095 | J24: =SUM(M24:AL24) -> 1 | K24: =L24/G24 -> 0.047619048 | L24: =SUM(M24:U24) -> 1 | M24: 0 | N24: 0 | O24: 1 | P24: 0 | Q24: 0 | R24: 0 | S24: 0 | T24: 0 | U24: 0 | V24: 0 | W24: 0 | X24: 0 | Y24: 0 | Z24: 0 | AA24: 0 | AB24: 0 | AC24: 0 | AD24: 0 | AE24: 0 | AF24: 0 | AG24: 0 | AH24: 0 | AI24: 0 | AJ24: 0 | AK24: 0 | AL24: 0
... B27: 46009 | C27: 46BW9U | D27: RDL2 | E27: API | F27: 1 | G27: 21 | H27: #9 GB521037PBA2 | I27: =1-J27/G27 -> 0.9047619 | J27: =SUM(M27:AL27) -> 2 | K27: =L27/G27 -> 0.095238095 | L27: =SUM(M27:U27) -> 2 | M27: 0 | N27: 0 | O27: 0 | P27: 0 | Q27: 1 | R27: 0 | S27: 1 | T27: 0 | U27: 0 | V27: 0 | W27: 0 | X27: 0 | Y27: 0 | Z27: 0 | AA27: 0 | AB27: 0 | AC27: 0 | AD27: 0 | AE27: 0 | AF27: 0 | AG27: 0 | AH27: 0 | AI27: 0 | AJ27: 0 | AK27: 0 | AL27: 0
A28: W52 | B28: 46013 | C28: 04BW4SB004 | D28: RDL2 | E28: API | F28: 4 | G28: 84 | I28: =1-J28/G28 -> 1 | J28: =SUM(M28:AL28) -> 0 | K28: =L28/G28 -> 0 | L28: =SUM(M28:U28) -> 0 | M28: 0 | N28: 0 | O28: 0 | P28: 0 | Q28: 0 | R28: 0 | S28: 0 | T28: 0 | U28: 0 | V28: 0 | W28: 0 | X28: 0 | Y28: 0 | Z28: 0 | AA28: 0 | AB28: 0 | AC28: 0 | AD28: 0 | AE28: 0 | AF28: 0 | AG28: 0 | AH28: 0 | AI28: 0 | AJ28: 0 | AK28: 0 | AL28: 0
B29: 46013 | C29: 04BW4SB004 | D29: RDL2 | E29: AEI | F29: 4 | G29: 84 | I29: =1-J29/G29 -> 1 | J29: =SUM(M29:AL29) -> 0 | K29: =L29/G29 -> 0 | L29: =SUM(M29:U29) -> 0 | M29: 0 | N29: 0 | O29: 0 | P29: 0 | Q29: 0 | R29: 0 | S29: 0 | T29: 0 | U29: 0 | V29: 0 | W29: 0 | X29: 0 | Y29: 0 | Z29: 0 | AA29: 0 | AB29: 0 | AC29: 0 | AD29: 0 | AE29: 0 | AF29: 0 | AG29: 0 | AH29: 0 | AI29: 0 | AJ29: 0 | AK29: 0 | AL29: 0
B30: 46013 | C30: 04BW4SB004 | D30: RDL3 | E30: API | F30: 4 | G30: 84 | I30: =1-J30/G30 -> 1 | J30: =SUM(M30:AL30) -> 0 | K30: =L30/G30 -> 0 | L30: =SUM(M30:U30) -> 0 | M30: 0 | N30: 0 | O30: 0 | P30: 0 | Q30: 0 | R30: 0 | S30: 0 | T30: 0 | U30: 0 | V30: 0 | W30: 0 | X30: 0 | Y30: 0 | Z30: 0 | AA30: 0 | AB30: 0 | AC30: 0 | AD30: 0 | AE30: 0 | AF30: 0 | AG30: 0 | AH30: 0 | AI30: 0 | AJ30: 0 | AK30: 0 | AL30: 0
B31: 46013 | C31: 04BW4SB004 | D31: RDL3 | E31: AEI | F31: 4 | G31: 84 | I31: =1-J31/G31 -> 1 | J31: =SUM(M31:AL31) -> 0 | K31: =L31/G31 -> 0 | L31: =SUM(M31:U31) -> 0 | M31: 0 | N31: 0 | O31: 0 | P31: 0 | Q31: 0 | R31: 0 | S31: 0 | T31: 0 | U31: 0 | V31: 0 | W31: 0 | X31: 0 | Y31: 0 | Z31: 0 | AA31: 0 | AB31: 0 | AC31: 0 | AD31: 0 | AE31: 0 | AF31: 0 | AG31: 0 | AH31: 0 | AI31: 0 | AJ31: 0 | AK31: 0 | AL31: 0
B32: 46013 | C32: 46BW9S | D32: RDL2 | E32: AEI | F32: 2 | G32: 42 | I32: =1-J32/G32 -> 1 | J32: =SUM(M32:AL32) -> 0 | K32: =L32/G32 -> 0 | L32: =SUM(M32:U32) -> 0 | M32: 0 | N32: 0 | O32: 0 | P32: 0 | Q32: 0 | R32: 0 | S32: 0 | T32: 0 | U32: 0 | V32: 0 | W32: 0 | X32: 0 | Y32: 0 | Z32: 0 | AA32: 0 | AB32: 0 | AC32: 0 | AD32: 0 | AE32: 0 | AF32: 0 | AG32: 0 | AH32: 0 | AI32: 0 | AJ32: 0 | AK32: 0 | AL32: 0
